City,Cost_index,Rst_MealInexpensiveRestaurant,Rst_Mealfor2People_Mid-rangeRestaurantThree-course,Rst_McMealatMcDonalds,Rst_DomesticBeerhalfliter,Rst_ImportedBeerOneThirdliterbottle,Rst_Cappuccinoregular,Rst_CokePepsiOneThirdliterbottle,Mkt_Milkregular1liter,Mkt_LoafofFreshWhiteBread500g,Mkt_Ricewhite1kg,Mkt_Eggsregular12,Mkt_LocalCheese1kg,Mkt_ChickenFillets1kg,Mkt_BeefRound1kgBackLegRedMeat,Mkt_Apples1kg,Mkt_Banana1kg,Mkt_Oranges1kg,Mkt_Tomato1kg,Mkt_Potato1kg,Mkt_Onion1kg,Mkt_Lettuce1head,Mkt_WaterOneandHalfliterbottle,Mkt_BottleofWineMid-Range,Mkt_DomesticBeerHalfliterbottle,Mkt_ImportedBeerOneThirdliterbottle,Mkt_Cigarettes20PackMarlboro,Trsp_One-wayTicket,Trsp_MonthlyPassTransportation,Trsp_TaxiStart,Trsp_Taxi1km,Trsp_Taxi1hourWaiting,Trsp_Gasoline1liter,Trsp_VolkswagenGolf1490KWTrendline,Trsp_ToyotaCorollaSedan16l97kWComfort,Uty_BasicElectricityHeatingCoolingWaterGarbage,Uty_1minofPrepaidMobileTariffLocal_NoDiscounts,Uty_Internet60MbpsorMoreUnlimitedDataCable,SptEnt_FitnessClubMonthlyFeefor1Adult,SptEnt_TennisCourtRent1HouronWeekend,SptEnt_CinemaInternationalRelease1Seat,ChCare_PreschoolFullDayPrivateMonthlyfor1Child,ChCare_InternationalPrimarySchoolYearlyfor1Child,Cloth_1PairofJeans_Levis501,Cloth_1ummerDressinaChainStore_Zara,Cloth_1PairofNikeRunningShoesMid-Range,Cloth_1PairofMenLeatherBusinessShoes,Rent_Apartment1bedroominCityCentre,Rent_Apartment1bedroomOutsideofCentre,Rent_Apartment3bedroomsinCityCentre,Rent_Apartment3bedroomsOutsideofCentre,BuyHouse_PriceperSquareMetertoBuyApartmentinCityCentre,BuyHouse_PriceperSquareMetertoBuyApartmentOutsideofCentre,Sal_AverageMonthlyNetSalaryAfterTax,lat,lng,country,iso3,population
Turin,65.63,15,60,8,4,4,1.41,1.98,1.1,1.56,1.75,2.8,12.37,9.04,14.47,1.58,1.49,1.54,1.82,0.92,0.96,1.02,0.33,6,1.25,1.72,5.6,1.7,38,5,1.5,25.25,1.59,21000,25656.25,157.64,0.2,28.62,39.3,20.86,8,494.17,34875,74.63,31.92,76.41,120.91,568.75,420.31,1107.24,765.17,3435.42,1976,1413.44,45.0704,7.67,Italy,ITA,1652000
Milan,75.78,15,60,8,5,5,1.51,2.54,1.23,2.01,2.41,3.11,14.31,9.94,18.4,2.06,2,2.28,2.58,1.33,1.36,1.28,0.39,7,1.46,2.24,5.7,2,39,6,1.4,30,1.6,23800,25113.89,178.6,0.2,29.4,63.3,25.79,10,633.33,12290.91,86.12,35.83,90.99,138.49,1167,748.08,2507.87,1514.29,8549.13,3786.26,1651.84,45.47,9.205,Italy,ITA,2945000
Chemnitz,0,8.5,40,7.75,3,3.75,3,2.08,0.68,1.27,2.06,1.74,8.63,6.67,9,2.22,1.49,1.73,2.08,1.28,1.27,0.79,0.34,4.99,0.79,1.21,6,2.3,55.8,3.5,2,24,1.39,26250,23250,165.91,0.1,30.43,24.2,18,15,195,3000,52.5,24,68.75,88.75,385,332,850,675,3000,1516.67,1962.5,50.83,12.92,Germany,DEU,302643
Dublin,77.85,15,62.5,8.5,5.75,6,3.29,1.86,0.97,1.46,1.63,2.94,9.65,8.63,8.94,2.17,1.96,2.33,2.6,1.82,1.23,1.02,1.55,12,2.6,2.95,13.5,3,130,4,1.5,30,1.44,25000,25873.27,155.11,0.29,53.66,42.22,17.58,12,1080.62,9076.54,80.68,34.7,83.3,97.38,1709.85,1434.79,3035.56,2372.22,5587.01,4026.59,2490.81,53.3331,-6.2489,Ireland,IRL,1059000
Bonn,66.01,9.5,55,7.5,3.5,3.5,2.61,2.06,0.74,1.15,2.26,1.78,8.27,8.44,11.11,2.57,1.45,2.07,2.4,1,1.49,0.84,0.39,4.99,0.81,1.26,6.4,3,95,3.5,1.9,37.2,1.43,24505,23822.5,227.78,0.1,32.31,35.29,18.25,12,545,14333.33,87.44,35.5,72.88,100.43,784.62,586.15,1507.69,1138.46,7433.33,4933.33,2431.83,50.7205,7.08,Germany,DEU,680543
Modena,69.59,15,50,8,5,5,1.55,2.57,1.17,2.17,2.1,3.03,13.25,11.75,15.25,2.37,1.77,2.23,2.17,1.67,1.87,1.57,0.29,4,1.55,1.88,5.5,1.5,31,4.5,1.1,28,1.56,25818.35,19677.9,150.37,0.03,30.38,56.43,19.67,8.5,480,14500,81,31.23,93.75,95,612.5,500,1033.33,783.33,2950,1533.33,1461.11,44.65,10.92,Italy,ITA,175502
Lille,68.83,12.75,40,8,5,4.5,2.88,2.45,1.14,1.37,1.68,2.73,13.62,11.62,13.72,2.48,2.42,2.3,2.23,1.45,1.62,1.34,0.34,5.5,2.22,2.58,10,1.65,58,8,1.9,28.2,1.49,24000,22500,112.6,0.05,27.67,25.67,30,11,539.58,5000,81.75,30.89,68.89,90.83,621.15,473.33,1350,907.78,3025,2375,1860.25,50.65,3.08,France,FRA,1044000
Helsinki,71.82,13,70,8,6.25,7,4.08,2.73,1,2.35,2.12,2.18,6.78,9.87,11.93,2.2,1.63,1.93,2.82,0.99,1.27,2.21,1.53,14,2.46,3.15,8,2.8,59.7,6,1,47.4,1.55,24000,25073.09,84.06,0.07,23.04,38.92,25.88,15,343.91,3022.42,87.36,36.4,89.31,126.08,1003.25,778.67,1901.14,1343.26,7631.85,4562.01,2481.31,60.1756,24.9341,Finland,FIN,1115000
Freiburg,64.59,10,55,7.49,3.5,3.1,2.49,2.24,0.72,1.47,2.16,1.8,9.83,8.33,11.33,2.54,1.57,1.97,2.49,1,1.38,0.75,0.42,4.99,0.81,1.18,6.4,2.4,60,4,2.8,36.1,1.47,18000,28840,223.36,0.1,33.33,36.83,16.67,10.25,319.75,4300,78.17,32.25,75.6,128,875.5,606.25,1925,1327.78,7700,5600,2450,47.999,7.8421,Germany,DEU,229144
Strasbourg,73.3,12,60,8.25,5,4.75,2.62,2.53,0.94,1.15,1.78,2.52,15.33,8.1,15.87,2.58,1.82,2.17,3.29,1.88,2,1.2,0.54,6.5,1.88,2.18,9.3,1.8,51,4,0.75,24,1.45,22500,27500,228.27,0.24,31.55,34.67,19,10,1000,24000,79.38,48.33,80.71,96.25,625.62,452.5,1272.5,907.14,4875,3079.5,2045.24,48.58,7.75,France,FRA,439972
Hamburg,68.5,12,50,8,4,3.75,3.07,2.55,0.83,1.53,2.18,2.24,8.57,8.14,10.93,2.21,1.64,2.47,2.59,1.54,1.51,1.03,0.54,5,0.85,1.24,6.4,3.3,90,3.5,2,30,1.42,20000,20885,235.58,0.11,30.75,41.81,21.5,12,290,14731.25,77.16,33.81,89.24,120.5,876.84,655.56,1769.64,1300,6402.94,3908.82,2428.21,53.55,10,Germany,DEU,1757000
Frankfurt,68.29,10,55,8,4,4,2.82,2.45,0.75,1.19,2.03,2.07,8.59,8.07,10,2.28,1.58,1.84,2.33,1.49,1.45,1,0.56,5,0.88,1.22,6.4,2.75,90.65,3.5,2,33,1.45,25000,21172.5,276.05,0.1,31.77,46.86,21.25,12,441.22,12080,73.69,36.28,87.49,103.17,1049.68,819.38,1996.79,1484,6652.38,4363.16,2789.77,50.1,8.675,Germany,DEU,2895000
Tartu,48.92,6,40,6,3.5,4,2.67,1.7,0.78,0.8,1.38,1.51,7.9,5.33,8.5,1.08,1.05,1.45,2.38,0.44,0.34,1.35,0.68,8,1.27,1.87,4.5,1.5,15.34,2.8,0.65,13.2,1.37,19685,18865,175.72,0.02,25.12,35.91,27.17,7,204,10600,67.92,29.2,72.81,88,377.89,287.78,670,451.54,2068.81,1392.05,1032.52,58.3839,26.7099,Estonia,EST,101092
Munich,71.85,13,62.5,8,3.9,4,3.06,2.87,0.92,1.69,1.85,2.59,11.83,7.53,12.55,2.31,1.74,1.95,2.69,1.54,1.36,0.92,0.61,5,0.97,1.19,7,3.3,60,3.7,2,30,1.42,25000,21436.92,252.17,0.1,35.61,35.16,22.74,12,558.52,11969.53,81.91,35.45,86.48,127.38,1255.56,901.55,2270.69,1730.51,11114.71,7765.15,2727.8,48.1299,11.575,Germany,DEU,1275000
Nuremberg,66.08,10,49,8,3.4,3.4,2.93,2.56,0.8,1.48,2.21,2.29,9.49,8.49,12.15,2.41,1.6,2.13,2.67,1.22,1.29,0.94,0.53,4.99,0.91,1.22,6.4,3.1,79,3.5,2,24,1.43,20000,20583.33,225.75,0.12,32.66,26.35,22.29,12,305.5,13750,75.42,33.57,81.89,107,721.9,542.11,1165.17,938.33,4644.44,3637.5,2280.56,49.45,11.08,Germany,DEU,737304
Toulouse,69.73,13,50,8,6,5,2.52,2.27,0.89,1.41,1.85,3.01,12.87,9.25,16.33,2.25,2,1.85,2.77,1.53,2.19,1.12,0.78,8,1.67,2.29,10,1.7,51,5.5,2.5,36.55,1.49,21000,20800,139.78,0.11,25.76,34.33,10.92,10,497.5,22000,77.37,31.71,81,126.88,612.48,461.54,1160.95,855.26,4344.44,2775,2310.31,43.62,1.4499,France,FRA,847000
Madrid,59.02,12,50,8,3,3.5,1.86,1.93,0.83,1.12,1.12,1.89,12.05,6.39,11.63,1.86,1.78,1.62,1.88,1.19,1.4,1.05,0.75,5,1.06,1.75,5,1.5,54.8,3,1.1,25,1.36,20000,23051.92,132.44,0.18,42.12,37.62,12.07,9,461,8410,74.92,28.98,74.49,91.8,992.79,732.95,1734.91,1196.46,5170.73,3140.47,1639.67,40.4,-3.6834,Spain,ESP,5567000
Salzburg,72.84,11.5,50,7.6,4,3.95,3.11,2.8,1.08,1.96,2.27,3.27,15.47,11,19.5,2.66,1.76,2.83,2.83,2.43,2.2,1.36,0.73,4.95,1.07,1.6,5.6,2.3,52,3.55,1.94,23.5,1.22,21000,19166.67,168.12,0.08,29.25,39.45,20,10.95,343,12500,74,32.67,74.17,112.8,754.44,648.75,1508.33,1191.67,6625,4560,1912.5,47.8105,13.04,Austria,AUT,206279
Trieste,73.34,13.5,50,8.25,5,5,1.51,2.4,1.22,2.31,2.33,3.34,17.75,11.75,22,2,2.15,1.78,3.5,1.33,2.07,1.25,0.47,6,1.48,2.15,5.55,1.3,35,4,1.2,25,1.58,26500,29433.33,145.76,0.06,28.43,41.4,14.75,8,537.5,13200,83.88,34.25,91.43,157.14,501.25,381.67,845,637.22,2542.5,1456.25,1475,45.6504,13.8,Italy,ITA,216035
Grenoble,73.64,13.5,60,8,5.75,4.5,3,2.38,1.12,1.5,1.93,4.33,16,10,16.5,2.17,2,1.93,3.5,0.9,2.1,1,0.89,6,1.75,1.93,10,1.62,57,2.65,1.9,27,1.52,23000,25000,135.41,0.25,28.08,30.38,8,11.2,1100,6166.67,66.55,31.28,103.33,102.5,569.23,440.83,1175,810,2566.67,2383.33,1822.25,45.1804,5.72,France,FRA,388574
Nice,76.09,15,52.5,8.75,6.9,5,3.4,3.15,1.04,1.47,1.6,2.74,13,13.33,15,3,2.14,3.17,3,2.33,2.17,1.25,0.95,6.5,2.34,1.58,10,1.5,31.21,4,2.08,25.8,1.53,23615,28500,124.09,0.28,26.06,39.2,18.33,12,883.33,14333.33,70.45,32.5,81.36,111.11,794.76,629.41,1883.32,1377.78,6797.92,4766.67,1873.38,43.715,7.265,France,FRA,927000
Ancona,0,15,50,7.5,4,4.5,1.21,1.85,1.01,1.5,1.57,2.15,13.25,7.99,15.25,2.37,1.6,2.23,1.7,1.29,1.87,1.57,0.24,4,1.5,1.3,5,1.3,37.5,4.5,1.09,28,1.55,23075,34300,150.37,0.12,29.8,49.17,15,8,335,14500,81,17,58.33,83.33,491.67,375,833.33,725,3000,1833.33,1233.33,43.6004,13.4999,Italy,ITA,100507
Oldenburg,0,10,30,7,3.5,3,2.66,1.67,0.68,1.15,1.8,1.81,4.33,5.33,10.39,2.3,1.61,1.95,1.75,1.13,1.31,0.82,0.33,4.5,0.8,1.23,6.4,2.5,55,3.2,2.05,30,1.42,18000,21450,168.08,0.1,28,39.67,10,8,100,13333.33,50,32.5,65,80,550,400,1033.33,630,3750,3000,2166.67,53.13,8.22,Germany,DEU,167458
Marseille,71.97,13.5,50,8,6,5,2.24,2,1.03,1.52,1.75,2.92,13,8,23.67,2.4,1.78,2.44,2.21,1.8,1.75,1.2,0.44,5,1.57,2.1,10,1.8,48.5,7,1.51,28,1.46,20000,18333.33,112.86,0.27,27.33,28.98,16,10.75,750,16333.33,57.5,29.41,83.33,156,586.92,510.64,1156.25,1066.67,3125,2625,1552.78,43.29,5.375,France,FRA,1400000
Amsterdam,78.63,16,70,8.7,5,4.57,3.29,2.57,1.04,1.6,2.03,3.08,13.5,8.42,14.55,2.31,1.78,1.88,2.48,1.59,1.27,1.05,0.96,7,1.31,1.93,7,3.2,97.5,5,2.35,43.94,1.69,25505,28216.5,180.66,0.16,41.91,35.86,27.7,12,1648.7,13420.81,88.09,39.35,100.16,141.62,1597.36,1236.46,2795.9,2016.36,7576.63,4952.82,2918,52.35,4.9166,Netherlands,NLD,1031000
Lisbon,49.05,8,35,6,2,2.5,1.51,1.36,0.65,1.07,0.92,1.64,7.48,4.98,8.77,1.48,1.11,1.19,1.54,0.99,1.04,0.91,0.56,4,1.08,2.21,5,1.6,35,3.5,0.47,14.8,1.55,26000,25180.32,108.8,0.21,33.02,32.84,12.33,7,421.41,8303.45,81.61,29.76,76.31,89.55,900.33,640.74,1696.82,1142.22,4431.67,2432.04,976.71,38.7227,-9.1449,Portugal,PRT,2812000
Vigo,53.8,9,40,7,2,2.75,1.44,1.62,0.83,0.9,1,1.88,7.67,5.75,10.5,1.86,2,1.68,2.12,1.3,1.44,1,0.52,5,0.78,1.33,5,1.33,45,3.67,1,20.31,1.31,20000,19750,165.95,0.21,41.78,34.5,10.2,8,240,7126.67,63.33,23.33,61.67,76.67,488.33,407.5,887.5,592.86,3551.75,1533.33,1252.12,42.22,-8.73,Spain,ESP,378952
Karlsruhe,60.22,8.2,40,8,3.5,3.5,2.6,2.55,0.72,1.21,2.09,1.87,8.81,8.58,9.66,2.29,1.47,1.7,2.21,1.04,1.18,0.84,0.35,5,0.84,1.17,6.4,2.6,64,3.5,2.2,30,1.44,22233,23811,176.97,0.1,29.07,37.12,17.25,12,306.43,14400,76.36,31.88,85,113,597.33,473.75,1222.22,924.44,4344,3647.5,2276.25,49,8.4,Germany,DEU,377487
Cologne,65.37,9,60,7.89,3.9,4,2.65,2.62,0.76,1.37,2.21,2.07,7.98,7.45,10.44,2.35,1.69,1.96,2.42,1.14,1.29,0.87,0.48,4.99,0.86,1.29,6.4,3,95.3,3.5,1.9,30,1.46,20000,21749.75,224.32,0.09,30.12,30.67,23.58,11,440,11933.33,89.42,28,79.48,121.11,822.96,604.04,1473.33,1075,5437.5,4037.5,2270.19,50.93,6.95,Germany,DEU,1004000
Munster,62.69,9.5,50,8,3.9,3,2.8,1.73,0.68,1.4,2.17,1.99,8.34,8.06,11.04,2.36,1.52,2.23,2.49,1.3,1.39,0.79,0.45,5,0.79,1.25,6.4,3.05,65,3.5,2.2,26.4,1.44,19750,16500,234.31,0.1,28.74,23.75,15,9,300,12000,87.5,28.75,79.75,99.75,750,532.5,1550,877.5,5700,2400,2800,51.9704,7.62,Germany,DEU,270184
Martin,0,6,30,5.2,1.5,1.65,1.93,1.3,0.68,0.73,1.4,2.4,10,4.73,6.85,1.2,1.7,1.5,1.5,0.9,0.63,1,0.65,3.65,0.65,1.03,3.7,0.7,12.5,1.5,1.1,10,1.34,13900,15900,175,0.07,17.06,27.67,5,5.5,225,5000,47,25,57.5,70,445,373.33,725,757.5,1250,950,638.33,36.3386,-88.8512,United States,USA,10473
Granada,55.65,10,31,8,2.5,3,1.64,2.04,0.85,1,1,2.2,11.5,6.7,12.25,1.36,1.25,1.33,1.27,1.14,1.16,1.02,0.69,6,0.86,1.47,5.25,1.4,55,5,1.15,25,1.36,21000,19750,125.24,0.21,48.83,35.75,13,8,362.5,6975,73.75,31,73.15,93.33,511.19,405.83,835,603.61,2291.67,1783.33,1287.5,37.165,-3.585,Spain,ESP,388290
Patras,53.38,8,25,7,3,3,2.9,1.88,1.07,0.78,1.65,3.16,7.05,5.42,8.5,1.59,1.5,0.82,1.27,0.73,0.85,0.78,0.39,6,1.35,2.22,4.5,1.2,42,3.6,1.29,12,1.63,18000,19600,161.01,0.63,25.89,30,12.5,8,300,5666.67,68.12,27.5,78.33,91.43,218.67,185.42,400.22,375.67,1372,1177.4,782.73,38.2466,21.7346,Greece,GRC,168034
Augsburg,67.41,12,60,8,3.55,3.9,2.78,2.18,0.72,1.5,2.21,1.82,9.24,8.62,12.4,2.67,1.66,1.94,2.27,1.2,1.74,0.92,0.53,4.99,0.91,1.3,6.4,2.7,61.5,3.45,1.6,24,1.49,20000,22166.67,214.92,0.11,34.42,35.31,17.67,12,402.5,15000,92.33,51.25,102.5,139.88,736.88,508.75,1357.14,1057.14,5050,4080,2381.86,48.35,10.9,Germany,DEU,358989
Galway,75.21,14.5,60,8,5,5,3,1.69,0.96,1.41,1.64,2.87,7.78,8.8,10.87,2.75,2.55,2.55,2.62,1.62,1.73,0.95,1.04,9,2.67,3.3,12.7,2.4,67.5,4,1.14,27,1.44,30000,31730,124.47,0.39,50.36,50.03,18.33,9.85,750,10700,82.75,36,86.11,105,1023.91,807.5,1764,1405.26,3708.33,3025,2221.4,53.2724,-9.0488,Ireland,IRL,75594
Bordeaux,72.82,12,40,9,5.75,5,2.49,2.75,1.01,1.45,2.25,2.23,12,13.33,19.67,2.5,3,2.5,5.45,1.7,1.75,1,0.95,5,1.75,2.25,10,1.7,42,7,1.66,33.6,1.44,20000,22000,148.95,0.08,25.83,26.85,15,10,433.33,3600,79.44,32.86,86,128,656.79,515.42,1255.56,931.25,5833.33,4000,1950,44.85,-0.595,France,FRA,803000
Como,81.36,15,70,8,5,5,1.34,2.62,1.3,2.08,2.23,4.33,17.88,9.26,22.35,1.9,2.27,2.27,2.2,2.14,1.7,1.07,0.51,5,1.5,2.2,5.35,1.5,80,3.7,3,40,1.63,23500,25166.67,194.75,0.12,31.53,36,35,9.9,650,16000,99.67,49.67,96.67,163.33,712.5,462.5,1275,1075,3700,2150,1550,45.81,9.08,Italy,ITA,250000
Ulm,65.26,10,52.5,7,3.5,3.5,3.18,3.3,0.7,1.9,2.19,1.97,8.16,9.99,10.71,2.41,1.49,1.85,2.34,1.25,1.34,0.74,0.37,4.99,0.77,1.23,6.4,2.3,59.3,2.5,3.2,24,1.36,26000,37500,194.27,0.1,30,48.75,16.33,8.75,558.89,9370,70.5,31.25,86.25,103.33,755,605,1375,1050,4833.33,4100,2500,48.4004,10,Germany,DEU,172955
Bologna,68.83,15,55,8,5,4,1.42,2.38,1.17,2.05,2.01,3.32,16.25,9.46,15.94,1.87,1.8,2.05,2.02,1.08,1.1,1.17,0.44,5.5,1.41,1.85,5.5,1.5,36,5,1.2,24,1.56,22000,22425.17,141.95,0.15,29,48.54,18.38,9,529.63,13250,74.33,28,84.88,121.67,695.59,549.69,1353.85,988.8,3510.85,2303.57,1446.14,44.5004,11.34,Italy,ITA,488172
Thessaloniki,56.37,12,37.5,7,4,5,3.39,1.85,1.12,0.9,1.49,3.44,7.39,6.71,8.36,1.29,1.58,1.29,1.3,0.88,0.78,0.93,0.81,7,1.22,2.31,4.5,1,30,3.5,1,11.86,1.58,19000,18508.95,164.41,0.45,29.78,31.87,10.88,8,293.91,6857.14,74.87,29.51,75.98,93.75,368.87,290.66,583.28,469.92,1783.33,1298.33,675.28,40.6961,22.885,Greece,GRC,828000
Potsdam,64.51,15,55,10,3.15,3.5,2.73,2,0.68,1.33,2.39,1.79,8.84,8.74,10.08,2.59,1.49,1.67,2.34,1,1.29,0.71,0.37,4.99,0.79,1.21,6.4,2.45,61.37,3.5,2.1,30,1.34,21500,25000,160.71,0.11,46.66,22.5,20,12,150,20000,80,46.66,85,120,712.5,513.33,1350,966.67,4500,3500,2364.98,52.4004,13.07,Germany,DEU,218095
Luxembourg,81.04,17,70,9,5,4.5,3.21,2.7,1.4,2.56,1.45,3.7,14,11,17.62,2.6,1.87,2.5,2.5,2.38,2.26,1.05,1.1,10,2.15,2.24,5.25,2,25,3,3.5,30,1.19,21150,24521,227.89,0.2,47.86,42.96,31,10.35,1398.75,15333.33,90.83,40.56,80.94,125,1555.56,1258.93,2860.87,2269.57,9728.09,7092.5,3651.96,49.6117,6.13,Luxembourg,LUX,107260
Toulon,0,12,51,7.5,3,2,1.67,1.6,0.9,1.3,1.58,2.86,16.2,10.2,16.8,2.1,1.8,2.12,2.1,1.5,1.6,1.27,0.47,6,1.8,3.17,10,1.4,31,3.4,1.82,22.2,1.53,27500,22916.67,110.51,0.12,17.33,38.5,21,10.35,250,7860,65,38.33,75,90,540,472,1250,1112.5,5551.75,2988.75,1915.67,43.1342,5.9188,France,FRA,357693
Bratislava,47.54,6,36,6,2,2.3,2.13,1.71,0.77,1,1.22,1.87,7.75,5.65,8.73,1.55,1.58,1.52,2.21,0.96,0.99,0.99,0.62,5.25,0.8,1.44,3.9,0.9,27,3.5,0.8,15,1.34,16940,16561.82,185.2,0.09,15.45,28.39,12.64,8,428.64,10525,60,26.77,66.18,81,615.29,474.85,1028.85,781.79,3418,2560,1089.84,48.15,17.117,Slovakia,SVK,423737
Essen,62.15,12,52.5,8,3,3,2.74,1.84,0.67,1.03,2.27,1.8,7.17,7.13,10.41,2.41,1.66,2.1,2.2,1,1.47,0.81,0.29,4,0.78,1.24,6.45,2.8,75.5,4,2,31.8,1.44,18037.5,19506.67,207.18,0.12,34.18,23.85,21.75,10,310,10200,73.33,53.32,70.55,88.74,517.91,400,1014.29,826.67,2133.33,1933.33,1821.85,51.45,7.0166,Germany,DEU,1742135
Catania,55.59,10,48,8.5,3.5,3.5,1.42,1.58,1,1.03,2,1.82,7.5,6.37,10.96,1.6,1.14,0.94,1.22,0.98,1.2,0.74,0.61,5,0.92,2.03,5.1,1,30,5,1,18,1.57,23308.36,19142.02,200.06,0.08,31.43,39.68,22.06,7,283.33,4071.01,78.24,24.52,71.72,100.05,464.44,344.04,850,522.91,2325,1386.87,1231.57,37.5,15.08,Italy,ITA,674542
Heidelberg,68.17,14,50,8.49,4,3,2.87,2.67,0.76,1.32,2.21,1.83,9.02,8.66,10.59,2.33,1.49,1.88,2.32,1.33,1.39,0.79,0.42,4.99,0.84,1.24,6.4,2.6,77.5,3,2.7,30,1.42,20650,22623.33,266.01,0.1,32.08,29.11,26,13,450,19000,80.8,30,93.5,117.5,764.23,535.42,1588,1159.17,5850,3240,2293.75,49.42,8.7,Germany,DEU,426590
Rome,69.73,15,60,8,5,4,1.24,1.87,1.28,1.6,2.12,3.09,12.77,8.83,15.55,1.99,1.72,2.02,2.26,1.38,1.41,1.26,0.44,6,1.17,1.69,5.7,1.5,35,4.25,1.43,34.1,1.58,22000,24237.5,175.69,0.17,29.43,62.05,17.65,9,470.95,11647.83,83.09,30.08,77.82,115.48,943.68,653.49,1820.59,1147.38,6690,3033.33,1488.44,41.896,12.4833,Italy,ITA,3339000
Braga,51.24,6,30,6,1.5,2,1.01,1.16,0.55,1.19,0.86,1.7,10.25,5.85,15.63,1.64,1.1,1.27,1.59,1.25,0.99,0.74,0.92,4.5,0.82,2.27,5.5,1.55,36.38,3.25,0.47,15,1.56,25443,23695,99.56,0.21,30.79,32.29,9.5,6.25,247.5,5700,80.73,37.33,75.45,73.33,503.68,358.86,811.76,594.12,1481.25,1027.4,916.54,41.555,-8.4213,Portugal,PRT,826833
Berlin,63.28,9,40,8,3.5,3.5,2.79,2,0.9,1.33,1.83,1.98,8.46,7.15,11.41,2.17,1.47,2.21,2.28,1.54,1.41,1.14,0.53,5,0.94,1.49,6.7,2.85,81,3.9,2,30,1.44,20000,21609.89,233.42,0.1,31.59,26.55,19.43,12,144.4,6558.19,82.8,34.3,84.35,106.21,925.85,674.21,1711.9,1224.55,5795.06,3762.96,2494.92,52.5218,13.4015,Germany,DEU,3406000
Antwerp,70.12,15,75,8,4,3,2.83,2.15,0.82,1.63,1.81,1.83,10.23,9.42,13.87,2.17,1.75,1.9,2.09,1.5,1.44,1.02,0.84,6.5,1.39,1.74,6.7,2.05,50,3.5,2,35,1.47,24725,21127.5,134.55,0.19,48.43,25.64,24.43,11,345,12125,82.94,37.29,85.43,125.26,712.71,604.59,1140.91,928.75,2764.75,2203.3,2084.2,51.2204,4.415,Belgium,BEL,920000
Eindhoven,73.14,15,60,8,5,3.5,2.78,2.62,1,1.16,1.94,2.68,11.85,8.57,15.05,2.29,1.82,1.7,2.62,1.59,1.33,1.1,0.86,6,1.25,1.83,7,4,75,3.25,3,36,1.63,25000,26344.48,173.98,0.14,40.05,25.19,21.08,12.25,1354.85,5440,84.2,32.21,84.65,117.87,1126,868.44,1564.97,1255.17,3617.22,2684.38,2595.77,51.43,5.5,Netherlands,NLD,398053
Lyon,72.14,12,50,9,6,4,2.84,2.2,1.05,1.18,1.67,2.76,17,9.4,14.5,2.45,1.96,2.3,2.4,1.78,2.25,0.95,0.71,7,1.23,3.12,9.75,1.9,64,5,1.77,30,1.51,25000,18666.67,160.45,0.1,31.16,42.45,11.67,11.8,501.3,7333.33,75.59,41.25,88.81,116.67,670.77,506.82,1345.62,992.31,4871.11,2816.67,2116.22,45.77,4.83,France,FRA,1423000
Palermo,52.34,7,45,7,4,4,1.41,1.7,0.88,1.09,1.95,1.94,6.92,6.75,10.5,1.7,1.42,1.03,1.12,0.86,1.12,1.12,0.26,4,0.83,1.43,5.45,1.4,32,10,0.84,18,1.56,21500,19500,123.54,0.1,27.17,36.78,20.25,7.5,283.33,10500,78.71,29.75,80,96.67,462.5,330,750,556.67,2277.67,1450,1149.33,38.125,13.35,Italy,ITA,863000
Groningen,73.09,15,60,8,4.25,3.5,3.13,2.32,0.86,1.12,1.89,2.23,10.36,8.6,14.75,2.57,1.94,1.64,2.49,1.37,1.25,1.06,0.86,6,1.09,1.67,7,2.5,100,3.1,2.35,42.25,1.64,28580,26010,186.5,0.15,40.23,30.06,13.3,12,750,14500,85.36,35,96.12,141,718,627.08,1262.5,1016.67,2920,2475,2150,53.2204,6.58,Netherlands,NLD,216688
Murcia,50.77,10,32.5,7,2,2.25,1.4,1.5,0.74,1.01,0.94,1.62,9.46,6.6,11,1.25,1.71,0.99,1.67,1.25,1.89,0.95,0.44,5.5,0.72,1.19,5.08,1.45,25,3.1,1.5,20,1.32,23000,19437.5,130.72,0.16,31.58,31.12,6.25,7.25,326.67,5333.33,65.56,30.62,63.18,73.12,500,385,730.77,566.67,2400,1475,1227.85,37.98,-1.13,Spain,ESP,406807
Hanover,61.66,10,50,8,3.5,4,2.66,2.38,0.68,1.15,2.09,1.81,8.35,8.85,10.39,2.3,1.61,1.95,2.36,1.13,1.31,0.82,0.33,4.99,0.8,1.23,6.4,2.8,70,3.2,2.05,30,1.42,18000,21450,168.08,0.1,31.43,27.19,22,12.5,345.5,13333.33,87.43,34.38,78.12,108.43,650.15,500,1368.25,1056.44,4308.67,3539.5,2363.33,52.3739,9.7356,Germany,DEU,67679
Breda,76.3,20,60,8,5,3.5,2.54,2.51,0.82,1.2,1.81,2.14,9.9,8.49,14.24,2.5,1.94,1.77,3.19,1.54,1.31,1.04,0.72,5.99,1.06,1.68,7,3.99,130,3,3,33.3,1.63,23500,24000,150.43,0.2,42.5,32.75,15,11.25,1500,4000,91.5,36.25,94.83,144.8,878.57,684.29,1325,1073.75,3175,2968.52,2569.44,51.5719,4.7683,Netherlands,NLD,184069
Malta,74.37,18.5,60,8,3,2.5,2.64,1.82,1.06,0.95,2.13,3.27,6.33,10.83,14.67,3,1.83,3.75,3.1,1.97,1.65,1.75,1.24,6,1.48,2.5,5.9,2,30,8.25,1,22.5,1.39,15500,21333.33,88.75,0.41,51.25,61.67,22,10,399.78,4333.33,110,46.25,120,166.67,1050,857.01,2325,1618.75,4050,3633.33,1110.37,42.9853,-73.7879,United States,USA,15373
Athens,56.4,10,40,6.15,4,4.5,3.21,1.69,1.31,0.82,1.76,2.96,8.4,7.11,9.34,1.44,1.55,1.17,1.6,0.96,0.92,0.66,0.92,7.25,1.46,2.16,4.6,1.4,30,3.5,0.74,11.81,1.58,20000,19151.53,148.43,0.39,33.79,30.74,18.26,8,383.48,7347.73,70.99,28.88,72.96,92.44,407.57,352.27,731.88,655.25,2054.18,1938.06,779.65,37.9833,23.7333,Greece,GRC,3242000
Montpellier,69.83,12,51,8.5,6,5,2.73,2.31,0.9,1.3,1.58,2.86,16.2,11.75,16.8,2.1,1.8,2.12,2.1,1.5,1.6,1.3,0.47,6,2.36,1.5,10,1.6,50,3.4,0.82,25,1.53,22375,22916.67,110.51,0.24,32.57,29.14,15.67,11,350,7860,85,38.33,75,90,628.18,481.11,1131.25,944.44,3575,2275,1450,43.6104,3.87,France,FRA,327254
Tampere,72.83,12,70,8,6,6,3.42,2.43,0.94,2.33,2.23,2.25,6,11.25,21.25,1.59,1.53,1.72,2.25,1.06,1.25,1.77,1.1,12,1.89,2.75,7.7,3.5,51.5,5.95,1.84,44.4,1.53,26000,24716,72.99,0.07,24.64,39.29,23,14,272.25,4000,84.21,37.67,84.92,133.22,721.05,562.05,1188.08,884.38,4598.33,2969.3,2326.64,61.5,23.75,Finland,FIN,259279
Rotterdam,69.1,14,50,8,4,4,2.9,2.24,0.91,1.23,1.73,2.24,9.68,7.98,13.6,2.15,1.75,1.51,2.74,1.3,1.25,1.05,0.75,5.75,0.97,1.63,7,4,79,3,2.12,25,1.66,23600,24082.5,162.23,0.16,39.05,35.09,19.61,12,1275,11166.67,88.26,31.8,89.79,138.16,1145.17,889,1963.64,1302.27,3777.29,2640.95,2334.6,51.92,4.48,Netherlands,NLD,1005000
Florence,68.09,15,60,8,5,4,1.29,2.17,1.3,1.51,1.99,3.02,13.83,8.96,15.4,2.03,1.79,2.13,1.75,1.27,1.44,1.17,0.41,5.2,1.34,1.6,5.2,1.5,35,4,0.99,32.5,1.53,23000,22375,146.94,0.12,29,59.13,18.5,8.5,427.08,11400,82.62,29.86,88.33,116.74,819.55,622.31,1602.27,1120.45,5044.12,3279.33,1373.73,43.78,11.25,Italy,ITA,1500000
Podgorica,39.43,6,25,3,1.6,2,1.5,1.77,0.83,0.53,1.14,1.52,4.9,5.33,7.94,0.72,1.09,1.17,1.1,0.67,0.84,0.9,0.7,4,1.07,1.49,3.2,0.9,25,1,0.5,6,1.33,20000,18842.5,111.85,0.13,22.27,30.97,10.67,5,142.11,7833.33,58.81,29.76,74.17,83.6,317.08,227.08,573,403.46,1419.19,1066.04,493.9,42.466,19.2663,Montenegro,MNE,145850
Vienna,65.03,10,50,7.5,4,4,3.32,2.78,1.09,1.84,1.43,2.61,10.71,9.24,14.54,2.15,1.71,2.19,2.46,1.27,1.24,1.15,0.62,6.75,0.99,1.7,5.5,2.4,50,4,1.42,27.8,1.26,22250,22593.06,182.84,0.05,32.38,30.9,19.96,10,240.54,16500,78.79,33.12,83.68,116.15,876.59,640.75,1615.67,1168.67,7138.82,4311.28,2089.24,48.2,16.3666,Austria,AUT,2400000
Venice,78.28,13,75,8,4,5.12,1.63,2.03,1.37,1.64,2.33,2.7,20,14.33,16.67,2.5,1.87,2.5,2.43,1.67,1.3,1.07,0.36,5,1.57,2.1,5.5,1.5,37,5.75,1.6,60,1.6,23500,24470,247.69,0.05,29,47.67,21.67,10.5,492.5,6666.67,71.8,27,88.2,150,861.11,672.5,2118.75,1308.33,5252.8,2850,1500,45.4387,12.335,Italy,ITA,270816
Gent,71.02,15,60,8,4,3,2.78,2.47,0.99,1.39,1.67,2.79,13.5,9.08,14.17,2.43,1.82,1.95,2.58,1,0.68,0.95,0.7,7,1.65,1.6,6.75,3,49,8.5,2.15,35.5,1.44,25000,24800,148,0.18,42.88,27.06,15.75,12,503.33,7000,90.59,34.67,88.94,120.44,730,583.33,1143.75,909.17,3233.2,2408.33,1864.56,51.03,3.7,Belgium,BEL,444336
Nantes,68.66,12.89,43,8,5,4.5,2.42,2.08,0.87,1.13,1.3,3.5,7.67,8.97,14.33,2.57,2.67,2.67,3.47,2.07,2.67,1.37,0.47,5,2.53,1.82,10,1.7,60.7,4.5,0.83,38,1.47,23000,23125,145.85,0.08,28.62,35.44,25,10,606.67,9840,84.38,31.78,81.25,103.33,536.25,395,1140,850,3960,2622.67,1868.75,47.2104,-1.59,France,FRA,438537
Klaipeda,45.37,8,25,5,3,3,2.2,2,0.82,0.65,2.09,1.33,7.2,4.95,8.32,0.86,1.07,1.23,1.25,0.45,0.5,1.46,0.68,7.5,1.05,1.38,3.77,1,27.5,1,0.6,15,1.21,18000,18333.33,159.02,0.06,12.5,37.33,17.67,7,130,4078.33,83.33,38.75,85,126.67,328.57,222.5,550,336.67,1562.5,975,802,55.7204,21.1199,Lithuania,LTU,192307
Padova,62.9,12,55,8,4.5,3.5,1.42,2.31,0.92,1.48,1.67,2.78,9.25,8.2,7.67,1.97,1.94,2.4,1.9,1.55,1.5,1.23,0.38,5,1.85,3.33,5.2,1.3,49,6,1.13,26.4,1.55,30000,20000,201.92,0.03,28.22,44.44,15.67,8,512.5,11000,65.44,26.43,80.7,95.8,533.33,458.57,1055.56,788.89,2342,1708.33,1391.25,45.4064,11.8768,Italy,ITA,684000
Utrecht,76.08,16,70,8,5,4.95,3.21,2.79,0.95,1.18,2.04,2.64,11.48,8.5,16.15,2.23,1.96,1.56,2.59,1.45,1.35,1.06,0.86,6.5,1.17,1.83,7,2.76,90,5,2.3,36,1.67,23567,33857.12,199.36,0.16,35.82,28.14,23.64,12,1606.25,7266.67,104.16,39,93,127.81,1208.1,959.48,2122.62,1411.3,4655.44,3762.21,2432.74,52.1003,5.12,Netherlands,NLD,640000
Stuttgart,65.63,12,56.5,8,3.8,3.5,2.72,2.52,0.84,1.71,2.2,1.9,7.86,8.18,11.7,2.26,1.52,2.2,2.32,1.14,1.32,0.89,0.42,5,0.8,1.08,6.4,2.5,71,3.05,2.05,30,1.42,23000,22586.67,208.89,0.12,29.04,32.86,20.57,10,286.5,18116.67,77.92,33,78.67,104.78,880,712.67,1661.15,1241.3,6040.62,4150,2574.42,48.78,9.2,Germany,DEU,2944700
Cork,75.63,15,65,8,5,5.22,3.05,1.9,0.91,1.85,2.05,2.84,9.33,8.96,10.58,2.3,1.66,2.28,2.75,1.66,1.24,0.95,1.34,10,2.68,3.37,13,2.4,84,4,2,23.4,1.43,26500,27750,150.38,0.28,49,43.92,14.88,11,911.25,9000,74,35.45,80,91.48,1172.97,992.12,1907.14,1579.31,3058.33,2346.86,2227.64,51.8986,-8.4958,Ireland,IRL,188907
Linz,72.77,14,60,8,4.2,4.2,3.25,2.92,1.12,1.94,2.28,2.49,10.47,12.16,17.88,2.74,1.64,2.93,2.24,1.17,1.54,1.6,0.55,10,1.36,1.37,5.2,2.3,45.3,5,1.23,25,1.22,21500,21200,186.03,0.06,27.95,50.5,20,11,331.43,9666.67,88.71,35.29,91.82,115.25,666.52,545.91,1367.62,997.14,4070.59,2994.12,1977.73,48.3192,14.2888,Austria,AUT,349161
Corunna,52.95,10,40,7,2.5,2,1.63,1.91,0.8,1.38,1.2,2.4,6.88,6.25,11,1.57,1.85,1.32,1.93,1.23,1.17,1.07,0.65,5,1.33,2.45,5,1.25,33,4,1.32,20.5,1.32,20500,19750,111.71,0.14,39.92,34.67,7.67,7.35,311.67,6000,79.4,32.2,82,112.5,600,462.5,843.75,593.75,3500,2333.33,1233.2,42.982,84.1177,Spain,ESP,243349
Naples,61.44,10,50,7,3,3,1.2,1.39,1.2,1.11,1.57,2.32,12.38,8.12,15.43,1.68,1.59,1.64,1.57,1.07,1.12,0.87,0.56,5,1.34,2.31,5.5,1.2,40,4.5,1.02,22.5,1.57,22300,21300,169.1,0.19,31,44.32,19.83,8,301.43,5666.67,56.3,25.53,69.5,101.71,599.23,413.91,1046,729.55,3628.42,2105,1114.23,40.84,14.245,Italy,ITA,2250000
Valencia,51.28,9.5,40,7,2,3,1.61,1.59,0.65,0.82,0.87,1.65,9.29,6.22,11.33,1.64,1.36,1.07,1.59,0.86,1.2,0.89,0.41,4,0.79,1.35,5.25,1.5,42,4,1.08,19.75,1.29,18000,19355.56,125.42,0.18,36.65,30.1,12.58,8,469.09,6989.6,75.81,30.82,65.68,87.27,722.93,506,1089.06,743.85,2664.18,1510,1427.71,39.485,-0.4,Spain,ESP,808000
Savona,0,15,50,7,4,4,1.37,2,1.1,1.52,2,2,15,9.14,15.67,1.82,1.56,2,1.8,1.43,1.32,1.43,0.45,5,1,1.98,5.5,2,47.5,4.58,2,24,1.53,16000,16500,163.17,0.06,30,55,17.66,8,400,7200,77.5,32,71.67,96,600,466.67,1283.33,916.67,4333.33,3000,1400,44.2976,8.4645,Italy,ITA,59933
Oulu,72.93,10,60,7.15,6,6,2.88,1.95,0.84,1.68,1.78,1.56,6.59,13.49,24.83,2.56,2.16,2.25,4.33,0.9,1.16,2.04,1.19,10,2.26,2.67,7.4,3.3,52.5,5.9,1.6,47.04,1.53,23502.86,24587.07,88.21,0.06,23.64,30.25,16.5,14,293.33,10000,81.75,28.12,80,99,535,424.44,950,732.22,3333.33,1825,2219.64,65,25.47,Finland,FIN,136752
Leipzig,61.04,8,44,7,3.5,3.6,2.66,2.32,0.7,1.26,2.08,1.9,8.28,7.53,10.25,2.31,1.47,1.96,2.32,1.02,1.19,0.83,0.33,4.5,0.81,1.32,6.4,2.7,78.9,3.5,2,25,1.45,24000,23000,220.39,0.11,30.89,21.64,21.25,10,137.53,9320,84.6,30.9,81.08,90.56,518.53,402.24,1003.64,788.77,3483.33,2380,1533.29,51.3354,12.41,Germany,DEU,542529
Maastricht,70.9,15,65,8,5,3.75,2.91,2.32,0.81,1.09,1.82,2.31,10.06,8.41,15.32,2.28,1.92,1.43,2.39,1.32,1.23,1.03,0.71,6,1.06,1.68,7,3.4,100,7.5,2.1,40,1.61,25447.5,22000,133.29,0.14,37.22,32.7,10,9,1172.5,6150,77.86,37.5,92.5,110.62,952.82,706.25,1780,1278.57,4000,2000,2225,50.853,5.677,Netherlands,NLD,122378
Leuven,73,15,60,8,4,3.5,2.96,2.23,1.18,1.85,1.91,2.75,11.5,7.8,15.25,3.17,2.89,3.17,3.49,0.9,1.46,1.07,1.07,6,0.81,2.22,6,3,39,7.5,4,40,1.46,22500,22900,131.97,0.1,46.85,30.67,11.67,11,456.67,13000,82.67,41.67,87.22,160,714.69,621.67,1204.17,1005.56,5833.33,2333.33,1876.88,50.8798,4.7005,Belgium,BEL,101387
Albacete,0,10.5,25,7.65,2.5,2.25,1.4,1.77,0.65,0.93,0.93,1.89,7.5,5,10.9,1.5,1.78,1.62,1.25,1.19,0.97,1.05,0.28,4.5,0.39,1.2,4.92,1.2,15,3,1.1,10,1.28,20000,19000,132.44,0.18,42.12,25,7.25,7.5,300,3722,74.5,24.5,70,90,516.67,425,700,566.67,2000,1500,1225,39.0003,-1.87,Spain,ESP,158094
Tallinn,52.05,8,50,6,4,4,2.7,1.82,0.71,0.88,1.54,1.6,7.33,5.29,8.71,1.19,1.08,1.37,2.12,0.54,0.58,0.97,0.69,8,1.41,1.59,4.5,2,27,2.5,0.6,10.5,1.36,19000,18808.62,178.44,0.04,22.91,45.13,26.07,8,260.59,7620.29,74.32,31.83,69.51,92.19,541.44,377.55,884.72,630.95,2613.12,1845.91,1209.52,59.4339,24.728,Estonia,EST,394024
Kaunas,42.92,6,30,5,2.9,3,2.24,1.37,0.87,1.03,1.14,1.37,7.21,5.61,6.92,0.99,1.04,1.26,1.61,0.47,0.5,1.16,0.77,6,1.3,1.75,3.75,1,28,0.9,0.6,9.5,1.2,18750,18767.59,127.46,0.07,10.69,26,19.59,7,314.67,6257.14,71.04,30.05,73.96,97.3,365.6,260.4,627.27,415.22,2007.62,1261.36,809.12,54.9504,23.88,Lithuania,LTU,374643
Riga,48.32,7,40,5,3,2.3,2.54,0.97,0.91,0.89,1.49,1.77,6.47,5.26,7.62,1.13,1.29,1.45,1.75,0.47,0.48,1.09,0.66,6,1.09,1.46,3.92,1.15,50,2.13,0.7,8,1.28,18713.5,17916.09,183.45,0.09,16.34,33.64,21.27,8,358.8,12223.81,62.96,36.23,72.6,91.33,415.9,290.62,767.4,537.5,1988.89,1188.89,831.16,56.95,24.1,Latvia,LVA,742572
Barcelona,58.76,12,45,8,2.75,3,1.78,1.75,0.89,1.27,1.2,1.84,11.24,6.59,11.33,1.91,1.57,1.59,1.67,1.09,1.29,0.98,0.71,6,0.98,1.68,5,2.2,44,3,1.17,22.1,1.36,22000,21421.74,131.34,0.13,43.14,41.98,20.79,9,447.5,8081,76.13,27.08,79.76,95.49,963.57,733.26,1540.41,1087.5,4524.33,3142.59,1442.04,41.3833,2.1834,Spain,ESP,4920000
Waterford,69.6,15,50,8.72,5,4.6,2.94,1.4,0.91,1.15,1.36,2.53,7.45,8.02,8.8,2.06,1.48,2.34,2.3,1.37,1.19,0.9,0.82,8.5,2.12,2.83,12.85,2.45,65,3.8,1.14,24,1.43,27750,25500,178.48,0.24,51.5,43.75,18.33,9.62,665.33,7833.33,63.75,38.75,78,90,814.29,698.33,1175,1133.33,1500,1510,1840,52.2583,-7.1119,Ireland,IRL,49275
Brussels,69.83,15,60,8.68,4,4,3.12,2.57,0.98,1.67,1.97,2.72,13.02,8.96,13.74,2.24,1.71,2.22,2.16,1.56,1.31,1.24,1.02,7,1.28,1.77,6.7,2.1,49,3.2,2,30,1.47,21250,21958,139.33,0.22,43.53,27.21,17.56,11,714.12,18557.14,76.5,35.46,78.33,116.11,845.87,698.97,1422,1190,3322.62,2576.19,2312.38,50.8333,4.3333,Belgium,BEL,1743000
Bremen,62.37,10,50,7,3.5,2.9,2.75,1.9,0.68,1.26,2.28,1.79,8.39,8.26,10.39,2.44,1.49,1.88,2.34,1,1.25,0.84,0.37,4.99,0.82,1.34,6.4,2.8,66.15,3.5,2.1,28.2,1.44,23000,22633.33,243.92,0.13,31.76,23.08,13.33,8,359.25,21500,67.14,34.17,78.57,114.99,610,488.89,1269,816.67,3850,2500,1878.14,53.08,8.8,Germany,DEU,724909
Bergamo,68.45,15,60,8,4.5,5,1.46,2.17,1.11,1.91,2.28,3.1,13,8.83,17.75,1.85,1.49,2.01,2.02,1.5,1.09,1,0.34,5.75,1.57,1.83,5.6,1.33,35,8,2,20,1.56,22000,26166.67,126.19,0.04,29.14,47,26.5,10,450,10666.67,96.88,34.36,71.4,98.75,568.75,427.78,1133.33,662.5,3875,2175,1462.83,45.7004,9.67,Italy,ITA,200000
Oviedo,0,9,41.5,8,2.2,2.4,1.41,1.92,0.81,0.6,1.23,1.48,9.5,6.78,9.65,1.68,1.58,1.5,2.56,1.25,1.25,1.06,0.66,7.5,0.83,1.84,5,1.2,40,3.65,0.95,19.3,1.28,19500,15250,91.14,0.09,47.22,36,4.5,8,296.67,7666.67,92.5,31.75,75,109,478.57,338,810,500,3375,1337.5,1466.67,43.3505,-5.83,Spain,ESP,235651
Aachen,59.74,8,40,8,3,3.15,2.28,1.57,0.7,1.38,2.19,1.83,8.29,8.28,10.98,2.26,1.42,1.83,2.33,1.04,1.34,0.78,0.37,4.99,0.81,1.3,6.4,2.7,71,3.8,2,30,1.47,18044.5,19375,218.19,0.1,30.64,24.57,21.67,9,492.25,10520,70.5,33.55,70,95.62,547.86,414.55,1032.08,816.67,6140.98,2400,2255.56,50.7753,6.0839,Germany,DEU,265208
Kosice,43.65,5.7,27,5.1,1.5,1.8,1.74,1.34,0.63,0.82,1,1.96,8.17,5.04,6.18,1.52,1.43,1.5,1.68,0.93,0.82,0.88,0.54,3.79,0.75,1.22,4,0.8,20,3,0.75,10.2,1.34,16880,18523.75,224.69,0.09,17.98,28.38,9.75,6,195,3000,50,27.49,56.88,66.66,480,372.22,715.62,537.5,1905.56,1463.33,806.15,48.7304,21.25,Slovakia,SVK,236563
Santander,0,12,37.5,7,2.5,3.5,1.8,1.82,0.8,0.96,0.98,1.81,10.5,6.55,15.5,2.13,1.93,1.37,2.1,0.96,1.18,0.8,0.53,5,1.13,1.53,5,1.3,34.5,2.25,1.15,20.45,1.29,20500,19333.33,131.15,0.31,45.67,41.25,9,7.05,250,12000,89.67,31.25,73.75,75,510,405,840,646,2333.33,1650,1537.5,43.3805,-3.8,Spain,ESP,208763
Bilbao,63.66,12,50,8,2.75,3,1.52,2.09,1.03,1.2,1,2.13,17.25,6.6,14.33,1.98,1.65,1.68,2.07,1.45,1.36,1,0.58,5,1.13,2.07,5.55,1.5,40,4.25,1,26.45,1.31,19141,18746.67,154,0.2,46.5,48.75,12,8,397.5,3500,91.44,39,99.29,126.25,812.5,654.67,1246.43,928.54,4436.65,3100,1553.43,43.25,-2.93,Spain,ESP,875552
Dresden,64.26,8,40,7.19,3.15,3.5,2.65,2.69,0.7,1.24,2.24,1.89,8.4,8.67,11.06,2.33,1.49,1.88,2.36,1,1.33,0.84,0.36,4.99,0.79,1.2,6.4,2.4,61.4,3.9,2.25,27,1.39,19000,18996.67,388.69,0.1,35.08,23.85,18,10,190,9600,70,34.8,79.71,85,534.62,426.92,1266.67,771.11,3375,2750,2364.29,51.05,13.75,Germany,DEU,617515
Kiel,62.5,7.75,40,8,3.65,2.7,2.7,2.52,0.68,1.18,2.23,1.8,8.55,8.07,10.4,2.27,1.49,1.85,2.33,1,1.34,0.69,0.33,4.99,0.82,1.15,6.4,2.6,59.95,3.4,1.95,30,1.47,20500,18500,247.58,0.1,34.12,38.75,20,12,340,14000,86,40,107.5,132.5,450,408,978,712.5,6166.67,2500,2912.5,54.3304,10.13,Germany,DEU,269427
Pamplona,0,10.5,37.5,7,3,3.5,1.3,1.46,0.7,1.05,0.7,2.19,11.5,5.92,11,1.55,1.5,1.26,1.55,0.88,0.78,1,0.8,6,0.6,1.2,5,1.35,30,4,0.95,20.45,1.29,21452.5,23000,94.54,0.09,42.86,34.5,8,7.05,351.25,8333.33,55,31.25,54,100,664.29,525,1000,790,3848.33,1800,1325,42.82,-1.65,Spain,ESP,274545
Genoa,70.57,15,50,8,5,4,1.26,2.47,1.39,1.81,1.98,3.6,17,7.31,17.6,2.02,1.79,1.98,2.5,1.25,1.2,1.38,0.5,7,1.53,1.8,5.5,1.5,46,5,1.25,30,1.64,23400,22000,138.55,0.18,27.46,47.5,23.33,8.25,580,9500,89.92,27.88,96,116.11,581.33,419.29,925,690.91,3192.86,1287.5,1374.44,44.41,8.93,Italy,ITA,647497
Malaga,50.38,10,40,7,2.5,2.6,1.51,1.56,0.66,0.91,0.89,1.4,8.56,5.9,10.17,1.85,1.6,1.39,1.68,1.07,0.98,0.94,0.45,4,0.68,1.33,5,1.3,39.95,3.18,0.93,19.2,1.34,18000,22500,113.51,0.16,37.37,32.91,13.33,7.95,410,8600,63.14,27.5,61.75,74.15,704.35,509.09,1104.76,836.36,2983.33,1900,1289.92,36.7204,-4.42,Spain,ESP,550058
Paris,85.3,15,52.5,9,7,6,3.5,3.01,1.22,1.65,2.01,3.59,19.24,13.58,21.94,3.05,2.23,2.87,3.07,2.04,2.43,1.34,1.02,8,1.96,2.42,10,1.9,75,5,1.5,40,1.59,23000,25600,167.21,0.22,28,45.31,20.6,11,851.83,13946.39,87.57,37.22,93.54,130.87,1194.71,870.66,2603.85,1745,11470.65,8715.52,2221.18,48.8667,2.3333,France,FRA,9904000
Ingolstadt,69.45,11,50,8,3.5,3.2,3.88,2.83,0.85,1.42,1.95,2.24,9.42,8.66,12.41,2.24,1.54,1.81,2.59,1.5,1.49,1.12,0.46,5.5,0.93,1.49,6.4,2.65,69,3.5,2.5,30,1.52,20532.5,19745,285,0.11,36.25,29.38,23,12,316.67,20000,93.33,46.67,87.5,138.33,697.5,592.5,1825,1202.5,5766.67,4333.33,2925,48.7704,11.45,Germany,DEU,163325
Darmstadt,61.8,10,35,8,3.62,3.75,2.42,2.2,0.7,1.27,2.26,1.76,7.95,8.74,10.4,2.34,1.54,1.85,2.29,1.38,1.29,0.76,0.37,4.99,0.79,1.21,6.4,2.45,48,3.5,2,33,1.68,18200,21000,159.43,0.1,33.33,34.67,31,13.5,286.67,11000,100,63.33,107.5,137.5,765.62,550,1391.67,951,5696,2648,3075,49.8728,8.6512,Germany,DEU,173815
Marbella,0,8.81,30,7,2.2,3,1.45,1.34,0.71,0.8,0.9,1.59,8,6,10.95,1.47,1.56,0.98,1.3,0.82,0.91,0.69,0.54,3.75,0.54,1.2,5,1.2,18.18,2.5,0.94,19.8,1.33,20395,17833.33,108.24,0.1,29.86,48.67,26.67,7,301.25,6800,60,24.44,54.09,55,768.18,644.44,1487.5,1085.71,3625,2760,1380,36.5166,-4.8833,Spain,ESP,186131
Vilnius,43.62,7,40,5,3,3,2.16,1.5,0.86,0.95,1.36,1.56,7.2,4.76,6.63,0.95,1.03,1.18,1.44,0.42,0.56,1,0.67,6,1.12,1.49,3.95,1,29,1.13,0.6,8,1.2,17741,18145,122.34,0.1,10.68,28.53,19.37,7.25,359.77,7225,54.54,36.26,73.93,100,507.91,350.73,841.67,536.77,2693.82,1723.1,945.87,54.6834,25.3166,Lithuania,LTU,542366
Cosenza,0,10,45,7,3,3,1.2,1.39,0.9,0.98,1.4,2.32,11.5,7.38,14.33,1.52,1.5,1.33,1.5,0.86,1,0.87,0.31,3.62,1.34,2,5.5,1.2,30,4.5,0.5,22.5,1.57,17000,19000,119.55,0.19,27,33.5,22.5,7,250,5666.67,55,20.67,69.5,78.33,330,245,575,497.5,1411,966.67,940,39.2983,16.2537,Italy,ITA,700385
Graz,72.49,10,45,7.9,3.8,3.5,3.05,2.36,1.15,2.2,1.89,3.29,14.88,12.54,18,2.12,1.86,2.5,2.43,1.66,1.58,1.59,0.69,7,1.13,2.17,5.5,2.5,50,3.9,1.6,30,1.24,22490,24316.67,261.03,0.05,35.02,24.66,21.93,12,273,5127.33,90.5,28.97,83.62,119.69,589.26,440.75,1024.12,803.75,3691.79,2907.65,1911.25,47.0778,15.41,Austria,AUT,263234
Ljubljana,54.69,8.5,40,5,2.7,3.5,1.56,2.26,0.92,1.18,1.49,2.37,9.79,7.68,10.56,1.4,1.17,1.59,2.27,0.91,1.24,1.2,0.72,6,1.04,1.66,4.2,1.3,37,1,1,14,1.3,20000,19069.57,205.18,0.08,32.26,43.18,15.55,7,388.5,10992.86,65.53,28.77,78.08,89.54,597.31,464.62,1104.44,819.88,3754.05,2729.66,1184.69,46.0553,14.515,Slovenia,SVN,314807
Parma,70.83,20,60,8.5,4.5,4,1.48,2.33,1.2,1.62,1.88,2.05,14.56,8.5,13.5,1.57,1.73,1.7,1.6,0.8,0.73,0.7,0.76,5,1.88,2.75,5.35,1.5,39.24,5.5,1.6,35,1.59,25000,24000,172.92,0.1,30.77,52.5,31.67,10,525,8133.33,80.56,38.75,92.5,128.75,560,433.33,1075,787.5,3428.57,2050,1494.44,44.8104,10.32,Italy,ITA,166011
Innsbruck,73.94,12.5,60,7.9,3.5,3.75,2.86,2.91,1.12,2.56,2.22,3.06,15.83,10,15,2.32,1.86,2.7,2.26,1.3,1.63,1.01,0.64,8,1.18,1.37,5.5,2.8,54,6.5,2,30,1.29,21500,23172.5,223.94,0.1,34.75,39.42,19.4,11.5,346.19,4200,92.73,35.75,82.5,105,779.17,648.33,1527.27,1175,6114.44,4622.22,1892.42,47.2804,11.41,Austria,AUT,155214
Salamanca,0,10,30,7.5,1.2,2,1.27,2,0.67,0.6,0.77,1.28,3.75,4,9.65,1.05,1.23,0.7,0.8,0.55,0.74,0.68,0.42,1.6,0.83,1.84,4.5,1.05,21.02,3.4,0.95,19.3,1.17,18250,20000,91.14,0.2,35.75,31.67,4.95,7,168.5,3900,38.5,26.25,75,60,437.5,281.25,750,562.5,3450,1716.5,1366.67,40.9704,-5.67,Spain,ESP,162353
Cleveland,77.28,13.65,50.05,7.28,3.64,4.55,3.54,1.81,0.66,2.17,2.76,1.55,7.52,8.02,13.83,6.82,1.39,5.88,5.26,3.89,2.91,1.9,2.82,10.92,2.73,3.41,6.37,2.28,86.45,4.78,1.26,31.85,0.58,16380,18484.38,169.68,0.09,55.73,40.55,10.92,10.69,881.56,10237.5,37.16,26.86,73.52,74.14,1117,731.18,2073.75,1342.25,946.4,697.49,2951.22,41.4767,-81.6805,United States,USA,1730363
Marietta,0,11.38,36.4,6.37,3.64,5.46,3.78,1.71,0.56,1.76,3.99,1.97,7.92,9.44,11.98,2.66,1.43,2.9,2.59,3.55,2.1,0.94,1.63,10.92,1.78,1.82,4.45,2.28,65.52,1.97,1.97,22.3,0.6,20693.4,18171.79,135.98,0.15,51.42,30.59,22.75,10.92,730.53,9327.5,37.92,31.22,70.48,96.85,1214.85,838.11,1592.5,1410.5,3428.31,1616.21,4722.29,33.9532,-84.5422,United States,USA,61048
Lubbock,44.64,7.74,33.49,6.37,3.08,3.64,4.04,1.41,0.7,1.67,1.66,1.57,4.55,3.11,3.21,2.67,1.1,1.67,1.99,0.7,2.68,0.82,0.52,9.56,1.28,1.21,5.46,1.59,45.5,2.73,1.13,13.65,0.56,19565,21840,93.13,0.06,56.02,21.61,2.43,8.19,537.51,7553,31.73,31.85,51.32,72.8,722.31,576.33,1091.02,971.42,1074.11,753.76,2580.93,33.5642,-101.8871,United States,USA,262505
Greenville,0,11.83,45.5,6.37,4.55,5.46,3.84,1.43,0.72,1.94,3.99,2.17,8.58,9.44,11.98,3.8,1.38,4.5,2.61,3.55,1.3,1.36,1.63,10.01,1.78,1.36,5,2.96,44.35,2.73,1.13,11.83,0.56,18200,18521.69,110.4,0.15,54.67,32.55,28.21,10.92,1009.57,13877.5,40.75,31.22,70.48,96.85,1147.61,912.37,1716,1256.94,1453.6,1045.64,3483.43,34.8362,-82.3649,United States,USA,467894
Portland,82.05,13.65,54.6,6.82,4.55,4.78,3.93,1.8,0.83,3.08,4.76,2.95,14.24,10.97,16.04,4.86,1.69,3.91,4.82,2.57,2.58,1.82,1.96,13.65,2.08,3.64,6.6,2.28,91,3.18,1.47,36.4,0.78,22750,20893.62,159,0.11,60.25,39.03,18.27,10.92,1103.47,16650.53,47.16,36.36,72.55,86.94,1431.76,1109.22,2563.82,1816.01,3755.08,2412.18,3425.3,45.5371,-122.65,United States,USA,2052796
Denver,72.15,13.65,63.7,7.28,5.46,6.37,4.21,1.72,0.75,2.88,3.58,2.42,9.3,7.13,10.46,3.69,1.45,3.39,2.81,1.89,1.96,1.16,1.65,10.92,1.74,2.16,5.95,2.73,103.74,2.28,1.67,20.48,0.65,20020,19744.6,129.32,0.2,56.57,42.02,10.41,11.38,1039.85,12704.77,43.93,31.7,71.98,101.29,1527.47,1184.4,2641.12,2011.08,4090.22,2636.96,4013.86,39.7621,-104.8759,United States,USA,2787266
Springfield,65.3,8.64,45.5,6.37,4.1,5,4.72,1.82,0.76,1.98,2.68,1.73,9.03,5.81,10.15,5.67,1.3,3.57,3.93,2.78,3.3,2.17,1.47,13.65,2.28,4.1,4.9,1.23,54.6,2.28,1.13,27.3,0.56,18427.05,19989.67,166.5,0.11,44.59,21.61,18.2,9.1,887.25,13650,38.37,34.12,57.63,93.73,557.38,513.5,826.58,788.67,1014.53,756.67,2180.71,42.1155,-72.5395,United States,USA,628076
Columbus,70.15,12.55,52.32,6.82,3.64,5.46,3.74,1.66,0.56,2.25,2.83,1.71,17.93,6.62,9.65,4.4,1.27,3.29,3.79,2.28,2.08,1.9,1.18,10.92,1.99,3.29,6.6,1.82,56.42,2.73,1.65,20.48,0.63,21840,17369.76,159.92,0.16,52,33.71,12.51,9.33,862.68,16948.75,40.39,29.98,66.78,91.23,924.33,709.63,1527.56,1165.38,1669.54,1053.33,3655.14,39.986,-82.9851,United States,USA,1528314
Trenton,0,11.83,45.5,7.28,4.1,5.46,3.41,1.52,0.86,1.67,3.45,1.87,6.68,8.02,8.08,4.6,0.79,4.51,4.68,1.26,2.81,1.87,1.02,9.1,1.39,2.28,8.19,1.14,45.5,3.64,2.68,25.02,0.64,13650,17745,137.26,0,65.52,20.47,22.75,11.83,773.5,19565,33.37,25.02,66.13,83.42,908.86,1160.25,1258.83,1547,454.82,419.56,2047.5,40.2236,-74.7641,United States,USA,296869
Boston,86.64,15.47,68.25,7.74,6.37,7.28,3.78,1.92,0.78,2.88,4.64,2.38,14.03,11.16,15.38,4.9,1.65,4.73,5.82,2.1,4.56,1.79,1.96,13.65,2.24,2.57,10.46,2.46,81.9,2.73,1.69,25.48,0.67,20930,19444.31,141.61,0.07,64.6,54.79,17.06,13.65,1574.05,24974.44,43.27,29.84,74.87,99.41,2496.54,1821.26,3840.78,2578.84,9136.84,4299.87,4659.67,42.3188,-71.0846,United States,USA,4637537
Rochester,73.5,13.65,54.6,7.28,4.54,6.36,3.8,1.87,0.61,2.56,5.1,1.57,16.54,4.7,11.88,3.14,1.19,3.16,5.46,2.09,2.89,1.65,1.36,12.74,3.29,3.34,10.01,0.91,50.96,2.96,1.69,27.3,0.65,22750,21734.44,107.96,0.17,54.22,36.05,29.58,11.15,688.19,10313.33,41.3,30.18,57.05,77.35,891.91,801.35,1264.9,1238.25,1070.66,761.57,2638.57,43.168,-77.6162,United States,USA,711998
Missoula,0,11.83,54.6,7.28,3.64,3.64,3.64,1.67,0.7,2,4.01,2.11,6.62,8.27,10.03,3.56,1.69,2.38,3,2.9,1.2,1.33,1.82,10.92,1.36,1.82,6.37,0,0,1.82,1.52,27.3,0.67,16380,19362.78,106.62,0.18,59.44,42.66,13.65,10.46,706.77,10144.22,41.75,30.71,66.72,93.92,765.92,591.5,1251.25,1076.83,2607.41,2182.14,2572.8,46.8685,-114.0095,United States,USA,90218
Raleigh,69.58,12.49,54.6,7.28,3.87,5.46,3.59,1.57,0.76,2.68,3.84,2.02,10.09,7.91,11.51,4.45,1.19,4.78,4.84,2.17,2.05,1.59,1.63,11.83,2.23,2.82,5.64,1.14,38.68,2.28,1.41,31.85,0.59,20020,18435.69,125.88,0.23,51.15,28.96,9.56,10.01,742.03,10313.33,39.2,38.65,69.49,93.23,1215.61,881.9,1774.63,1319.93,2721.22,1434.51,3698.82,35.8324,-78.6438,United States,USA,1018336
Waterloo,0,7.99,33.32,4.34,2.32,3.48,2.38,1.06,0.36,1.43,1.8,1.09,11.42,4.22,6.15,2.8,0.81,2.1,2.41,1.45,1.32,1.21,0.75,6.96,1.27,2.1,4.2,1.16,35.94,1.74,1.05,13.04,0.4,13910.83,11063.54,101.86,0.1,33.12,21.47,7.97,5.94,549.48,10795.38,25.73,19.1,42.54,58.11,588.75,451.99,972.97,742.28,1063.4,670.91,2328.11,43.4667,-80.51639,Canada,CAN,113520
Tulsa,64.25,10.92,45.5,7.28,3.18,4.55,3.57,2.01,0.92,2.2,3.35,1.95,9.67,7.18,11.57,3.06,1.22,3.26,3.46,1.5,1.97,1.37,2.04,10.92,1.97,2.58,7.74,1.59,40.95,2.38,1.13,27.3,0.54,19726.98,18259.02,163.96,0.14,68.57,25.15,0,10.69,603.23,7522.67,36.74,35.28,70.32,89.37,833.39,645.62,1344.24,938.44,1320.41,588.93,2898.16,36.1284,-95.9043,United States,USA,672054
Tucson,72.33,10.92,50.05,6.37,3.41,4.55,4.08,1.6,0.54,1.8,2.57,2.29,13.63,8.3,10.03,3.79,1.64,2.85,2.63,3.35,2.07,0.94,1.57,14.56,2.11,3.99,7.86,1.59,43.68,2.5,1.25,32.76,0.59,24155.95,20453.72,281.44,0.14,69.98,28.83,19.72,9.1,642.69,15697.5,42.52,34.73,70.84,115.12,744.56,656.95,1362.32,1127.44,1612.26,1087.62,2496.48,32.1545,-110.8782,United States,USA,868391
Jacksonville,74.8,17.06,50.05,6.82,3.64,5.46,3.71,1.47,0.83,2.62,3.8,2.46,7.95,8.3,8.11,6.92,1.64,6.81,4.96,4.71,3.9,1.79,1.77,10.01,3.08,3.69,6.8,1.36,45.5,1.93,0.99,15.92,0.59,20930,18182.01,134.15,0.07,62.39,24.77,10.31,10.01,627.14,15591.33,33.74,29.73,68.86,77.35,1034.59,878.22,1525.68,1221.38,1482.74,977.82,3240.23,30.3322,-81.6749,United States,USA,1156291
Fremont,0,18.2,63.7,9.1,5.46,7.28,4.1,1.99,0.94,3.03,3.95,3.18,10.57,8.08,10.28,4.5,2.63,3.98,5.56,3.99,2.09,1.82,1.36,14.55,2.43,3.87,9.83,2.17,107.38,3.87,1.69,27.3,0.9,21385,21043.75,135.2,0.01,53.65,42.47,7.58,13.65,955.5,15583.75,41.29,32.76,68.01,83.93,2182.54,2000.34,3245.67,2620.8,7552.3,6160.06,5421.29,37.5265,-121.9852,United States,USA,234962
Belleville,0,7.96,34.78,4.64,2.46,3.48,2.29,1,0.48,1.71,2.45,1.29,6.43,5.04,7.33,2.83,0.76,3.04,3.08,1.38,1.31,1.01,1.04,7.54,1.42,1.8,3.59,0.73,24.64,1.45,0.9,20.29,0.38,12751.59,11742.48,80.18,0.15,32.58,18.45,6.09,6.38,472.63,6569,24.97,24.62,44.26,59.38,774.27,561.72,1130.34,840.72,1733.26,913.7,2355.94,44.1667,-77.3833,Canada,CAN,43990
Minneapolis,80.66,13.65,63.7,6.82,5.46,5.92,3.89,1.77,0.66,2.79,5.28,1.87,9.51,10.8,12.74,4.9,1.56,4,4,3.07,3.42,1.6,1.57,10.92,1.65,2.99,8.7,2.28,81.9,4.55,1.84,25.02,0.61,20930,19112.25,158.95,0.23,56.27,52.23,18.72,10.92,1220.54,17001.83,40.51,34.58,74.73,89.83,1277.9,985.83,2313.76,1582.56,2851.61,1636.75,3898.3,44.9635,-93.2678,United States,USA,2926757
Albuquerque,63.03,13.65,45.5,7.28,4.55,4.55,3.79,1.51,0.59,2.61,3.02,1.87,10.27,5.19,8.98,3.68,1.53,2.38,3.81,1.95,1.82,1.04,1.49,13.65,2.38,3.49,7.18,0.91,27.3,2.28,1.25,25.84,0.58,20020,17972.5,133.42,0.16,62.43,34.95,3.34,10.01,651.21,18503.33,38.66,32.41,60.24,73.82,749.29,649.79,1243.67,1144,1857.78,1241.2,2858.92,35.1053,-106.6464,United States,USA,758523
Norwalk,0,18.2,72.8,7.28,5,6.82,3.75,1.84,0.91,2.66,3.01,2.6,13.94,12.47,12.54,5.04,1.57,4.7,5.69,4.48,2.08,2.05,1.93,10.46,2.17,2.96,9.56,2.64,42.21,2.73,1.27,21.29,0.69,19792.5,18200,124.05,0.09,58.7,48.53,6.07,12.74,1230.65,21132.22,49.82,43.38,77.46,111.48,1698.67,1698.67,2730,2214.33,6856.61,5926.07,5066.13,33.9069,-118.0829,United States,USA,106084
Albany,72.26,14.56,63.7,7.28,4.1,5.92,3.51,1.6,0.7,2.13,2.88,1.73,9.53,5.77,10.66,3.13,1.36,4,6.02,2.26,2.26,1.26,1.59,9.1,1.78,1.77,10.46,1.36,52.32,3.18,1.13,27.3,0.66,20930,17854.88,157.89,0.15,67.04,29.58,25.78,10.92,571.48,3185,36.4,44.36,66.2,79.95,990.89,857.93,1547,1342.25,1387.3,1107.32,3243.22,42.6664,-73.7987,United States,USA,597270
Orlando,68.01,16.84,45.5,7.28,3.64,5.46,3.65,1.65,0.85,2.3,3.67,1.92,8.53,6.62,12.03,3.29,1.56,2.68,2.89,1.77,2.56,2.38,2.05,10.92,1.69,1.82,7.28,1.82,45.5,2.62,1.41,27.3,0.59,19110,19365.94,147.51,0.14,59.09,29.08,16.23,11.83,782.04,8970,40.2,32.41,67.85,83.16,1324.76,984.23,1957.56,1537.13,2121.87,1294.72,2733.99,28.4772,-81.3369,United States,USA,1776841
Huntington,0,10.92,38.68,6.37,2.73,4.55,4.19,1.36,0.4,1.57,3.5,1.56,7.28,7.19,9.49,4,1.06,3.42,2.83,2.84,3.04,1.37,1.27,12.74,1.43,2.09,5.19,0.91,27.3,2.35,1.27,27.3,0.57,20475,17987.67,135.34,0.09,50.34,26.16,25.78,7.28,609.7,8796.67,35.01,28.36,58.92,88.87,759.85,505.05,1152.67,773.5,1028.49,3060.99,1314.95,38.4109,-82.4344,United States,USA,194155
Melbourne,68.37,8.93,39.08,4.47,2.52,3.63,2.15,0.98,0.43,1.31,1.77,1.06,5.85,3.54,6.54,1.92,0.83,2.45,3.69,1.39,1.39,0.77,0.98,5.58,1.09,1.09,6.42,0.83,32.1,1.95,0.69,16.75,0.4,12840.49,10953.91,96.87,0.09,41.13,18.15,15.82,6.7,350.6,1953.99,22.33,27.21,40.61,49.05,607.91,526.34,949.08,823.47,851.1,679.34,1989.71,-37.82,144.975,Australia,AUS,4170000
Toledo,67.3,12.97,40.04,7.05,3.29,4.55,4.32,1.57,0.58,1.95,4.35,1.78,10.82,6.62,12.52,3.49,1.12,2.87,3.45,2.74,2.31,1.67,2.02,13.2,2.77,3.29,6.51,1.26,45.5,1.82,1.3,21.84,0.59,20020,21096.38,203.89,0.09,59.56,20.3,16.38,10.01,721.93,3185,38.7,28.92,70.32,82.28,617.97,532.81,932.75,869.56,854.84,591.63,2584.17,41.6639,-83.5822,United States,USA,488672
Huntsville,60.81,10.92,40.95,6.37,3.64,4.55,4.1,1.62,0.56,2.37,4.01,1.55,7.42,7.14,9.53,5.01,1.45,3.51,2.88,2.94,2.61,1.09,1.32,11.38,2.71,3.18,5,0.91,18.2,3.18,1.13,22.75,0.54,20497.3,20749.82,106.79,0.09,52.59,26.18,14.26,9.1,720.42,11284,35.28,29.12,62.72,89.18,910,627.14,1541.94,1056.61,1202.85,805.38,3403.66,34.6988,-86.6412,United States,USA,309716
Mobile,72.47,13.2,50.05,6.82,3.41,4.55,4.36,1.28,0.82,2.53,4.05,1.41,9.83,9.92,10.43,5.34,1.36,5.02,4,3.01,4.01,1.61,1.82,12.28,2.92,2.96,5.09,1.14,36.4,2.28,1.16,13.2,0.53,28407.92,27755,161.98,0.23,50.33,28.31,10.01,9.1,476.23,10313.33,35.24,26.39,70.78,91.3,784.88,605.71,1215.99,969.66,976.89,621.27,2824.39,30.6782,-88.1163,United States,USA,318084
Longview,0,10.92,45.5,7.28,3.18,4.78,4.1,1.53,0.76,2.11,4,1.81,9.65,11.48,6.27,7.22,3.27,3.74,2.93,5.61,4.28,1.92,2.48,10.92,1.5,2.66,6.37,4.55,45.5,2.05,1.02,24.12,0.56,20020,18590.79,178.91,0.25,54.45,40.34,30.48,10.01,424.67,15470,39.13,30.03,72.48,84.58,985.83,803.83,1258.83,1228.5,489.76,440.79,2625.28,32.5192,-94.7622,United States,USA,100196
Chandler,0,10.92,36.4,5.92,5.16,5.46,4.05,1.71,0.54,1.8,2.57,2.12,4.01,8.3,8.03,2.51,1.39,2.85,1,1,1.2,0.91,1.32,6.82,2.11,3.64,7.86,1.36,22.75,2.5,1.25,32.76,0.7,21840,19625.67,177.22,0.14,69.98,21.16,19.72,9.1,830.38,15697.5,40.3,34.73,64.84,64.84,1035.45,862.98,1486.55,1220.92,1820.22,1577.02,4005.63,33.2827,-111.8517,United States,USA,253458
Indianapolis,66.92,10.92,50.05,5.92,3.64,4.55,3.6,1.52,0.54,2.01,2.73,1.44,6.34,5.63,10.86,4.9,1.58,4.36,4.32,2.72,2.68,1.36,1.47,9.1,2.08,2.28,5.64,1.59,54.6,2.73,2.83,21.84,0.58,21107.45,18692.42,150.65,0.1,54.25,30.83,26.16,10.92,617.68,13058.5,36.96,29.98,60.41,74.86,1009.49,655.99,1356.6,1009.38,1429.48,919.42,3014.32,39.7771,-86.1458,United States,USA,1564699
Youngstown,0,10.92,40.95,5.69,2.73,3.18,3.18,1.31,0.51,1.88,2.83,1.36,8,6.21,7,4.4,1.22,3.29,3.79,2.2,1.98,1.36,0.91,7.28,1.99,3.29,6.37,1.14,38.22,2.73,1.65,20.48,0.56,17290,17369.76,159.92,0.16,52,21.78,13.65,9.33,462.58,7280,34.12,29.98,62.43,65.75,538.42,485.33,1031.33,724.97,437.19,382.66,2031.24,41.0993,-80.6463,United States,USA,373728
Madison,65.83,12.74,48.68,7.13,4.1,4.55,3.61,1.76,0.66,2.74,3.04,1.74,9.27,10.3,12.18,2.54,0.97,2.7,2.48,1.6,1.93,1.07,1.7,9.1,1.29,2.05,7.28,1.82,59.15,3.64,1.58,35.49,0.58,18655,18239.71,108.82,0.14,51.64,44.59,11.83,10.92,815.59,8645,42.7,35.98,70.07,93.45,1105.95,883.17,1849.01,1430.48,2606.76,1681.12,3152.07,43.0827,-89.3923,United States,USA,439553
Washington,84.06,13.65,72.8,7.51,6.37,7.28,4.25,2.02,0.87,2.94,3.09,2.5,10.85,10.65,13.31,5.3,1.45,5.11,4.12,2.13,2.83,2.14,1.42,12.28,1.82,3.05,10.92,2.5,91,3.18,1.69,22.75,0.68,20930,18521.08,131.4,0.09,58.62,78.09,9.91,13.2,1501.45,30386.6,51.37,34.12,74.77,110.42,2124.75,1613.02,4033.48,3022.98,6134.9,3176.34,4717.61,38.9047,-77.0163,United States,USA,5289420
Fargo,66.17,12.74,39.54,7.28,3.18,5.46,3.75,1.7,0.89,2.56,3.51,3.04,6.6,8.12,10.47,3.25,1.82,2.38,4.25,3.54,2.41,1.72,1.51,8.64,1.95,2.52,5.34,1.36,36.4,4.1,0.9,27.3,0.6,23660,28210,130.58,0.25,65.91,21.84,12.74,10.46,694.78,8645,37.49,37.61,77.35,93.55,597.87,514.15,1121.12,919.86,2764.92,1512.3,3040.34,46.8653,-96.8292,United States,USA,204820
Nashville,72.61,13.65,70.98,6.37,4.55,5.46,4.08,1.68,0.71,2.53,3.98,1.47,14.81,7.69,9.06,3.86,1.43,2.86,3.39,2.44,2.68,1.16,1.82,14.56,2.17,3.18,5.54,1.57,50.05,2.73,1.13,16.38,0.59,22750,18256.88,153.88,0.21,64.08,37.38,13.65,11.83,977.64,22100,50.59,38.38,73.96,91.67,1518.89,1050.25,2580.57,1576.91,2611.26,1525.52,3460.61,36.1715,-86.7843,United States,USA,1076645
Sunnyvale,0,13.65,50.05,7.51,6.69,7.28,3.37,1.46,1,2.86,2.61,3.94,16.04,4.01,8.03,2.51,1.29,2,2.21,1.89,1.39,1.35,2.26,13.2,1.04,1.14,8.87,2.28,154.7,2.91,1.67,30.94,0.87,19494.48,16926,109.61,0.18,55.1,43.68,13.04,12.74,1598.19,17199,48.03,34.12,77.26,101.24,2610.66,2221.5,4172,3606.91,11897.03,9462.53,6897.08,37.3836,-122.0257,United States,USA,153656
Kenosha,82.48,13.65,48.37,6.14,3.87,4.55,3.87,1.93,0.63,1.9,8.69,1.39,10.63,7.75,16.05,5.35,2.3,4.68,6.02,6.02,5.35,1.82,2.12,18.2,2.78,3.03,7.28,1.82,43.68,4.55,1.13,22.75,0.61,16380,22977.5,271.4,0.18,73.94,27.3,6.98,10.01,398.38,11830,37.92,25.78,69.77,72.8,746.2,773.5,1592.5,1486.33,1415.12,1130.25,3214.12,42.5864,-87.8762,United States,USA,124888
Bloomington,86.92,15.24,54.6,6.82,4.1,4.55,4.27,1.74,0.69,3.01,5.43,2.32,21.67,17.41,11.72,7.85,2.58,6.7,3.34,4.8,2.14,1.65,1.98,15.55,1.87,2.78,5.92,0.91,27.3,3.64,1.13,27.3,0.66,21107.45,18996.25,136.22,0.15,62.18,44.23,15.17,10.92,696.15,8796.67,33.37,24.27,76.05,97.37,955.4,650,1876.88,1122.33,1750.07,1164.81,2059.89,39.1637,-86.5257,United States,USA,114959
Anchorage,88.08,12.89,55.51,8.08,5.92,6.6,4.28,2.22,1.06,3,5.95,3.06,15.24,7.08,10.97,5.43,1.99,4.9,4.2,3.22,3.02,2.16,2.88,13.2,1.85,4.4,9.1,1.82,54.6,2.5,1.41,40.95,0.74,25480,18457.76,253,0.14,119.53,69.16,13.65,11.6,910,7280,43.28,30.38,73.48,84.86,1126.67,898.62,1742.43,1572.02,2068.19,1688,3903.25,61.1508,-149.1091,United States,USA,253421
Oakland,87.41,12.74,54.6,7.28,6.37,6.37,3.76,1.79,1.14,3.68,6.02,3.4,20.47,12.96,12.04,4.64,2.35,3.61,6.52,2.77,3.2,1.95,2.28,13.65,2.96,4.44,8.42,2.5,76.99,2.91,2.2,27.3,0.88,19878.95,21223.02,145.02,0.09,60.46,66.04,9.1,11.38,1266.42,21840,48.15,35,73.75,106.02,2378.08,1884.46,3903.6,3040.47,7020.63,4566.99,4558.59,37.7903,-122.2165,United States,USA,425195
Atlanta,74.89,12.74,45.5,6.37,4.55,5.46,3.84,1.82,0.72,2.28,3.99,2.17,8.58,9.44,11.98,4.71,3,4.5,4.32,3.55,3.18,1.41,1.63,13.65,1.78,3.28,5.23,2.28,86.45,2.73,1.97,22.3,0.63,20693.4,19548.94,135.98,0.15,71.08,27.35,16.53,12.89,1009.57,22750,41.51,31.22,70.48,96.85,1438.9,974.16,2528.94,1672,3307.19,1788.45,4265.33,33.7627,-84.4225,United States,USA,5228750
Buffalo,69.19,13.65,54.6,7.28,3.99,4.55,3.02,1.49,0.55,1.84,2.9,1.4,7.7,5.93,9.49,4.84,0.98,3.13,4.7,2.43,2.72,1.37,1.2,9.1,2.64,3.34,9.96,1.82,68.25,2.18,1.78,18.2,0.66,22750,25349.35,185.58,0.09,58.78,21.74,21.61,10.92,679.47,15166.67,40.04,31.78,64.32,72.8,900.4,702.99,1357.42,995.31,1552.42,557.99,2735.74,42.9017,-78.8487,United States,USA,926261
Sacramento,76.68,13.65,54.6,7.28,4.55,5.46,4.03,1.7,0.92,3.08,4.04,2.81,10.93,8.22,11.8,4.5,1.55,4.58,4.19,2.22,2.47,1.49,1.18,10.01,1.84,2.33,8.64,2.28,91,3.64,1.69,25.02,0.89,20930,19669,152.23,0.15,58.7,39.28,9.45,10.92,821.1,15621.67,39.18,33.52,74.62,102.04,1359.74,1126.67,2310.16,1742.27,3251.6,1985.62,3542.91,38.5667,-121.4683,United States,USA,1854698
Henderson,60.42,7.27,45.5,8.64,2.73,3.64,3.62,1.21,0.66,2,3.56,1.75,7.33,5.88,6.77,2.54,1.25,3.04,1.99,2.91,1.1,0.95,1.3,7.28,1.11,3.87,6.52,4.55,59.15,3.55,1.56,36.4,0.76,23163.6,25631.67,171.28,0.09,65.82,24.05,4.55,10.46,1456,14196,44.59,23.66,62.92,92.95,1103,1058.63,1608.31,1374.95,1846.62,1687.04,3932.83,36.0146,-115.0362,United States,USA,302539
Spokane,72.2,13.65,61.42,7.28,4.55,4.55,3.89,1.77,0.7,2.26,4.85,2.11,6.62,8.27,11.2,3.56,1.87,2.38,4.5,4.11,2.38,1.33,1.97,10.92,1.85,3.08,8.19,1.82,52.32,5.35,1.52,27.3,0.69,22067.5,19362.78,123.01,0.18,59.44,31.8,15.17,11.83,734.5,10144.22,41.75,35.26,66.72,93.92,823.55,708.56,1561.21,1213.03,2048.41,1533.83,2712.09,47.6671,-117.433,United States,USA,403043
Philadelphia,78.98,13.65,54.6,7.05,4.55,6.37,3.44,1.6,1,2.96,3.02,2.45,9.86,8.52,11.02,5.61,1.49,2.97,4.35,3.88,4.29,1.83,1.88,13.65,3.07,3.57,9.74,2.28,87.36,2.68,2.83,22.75,0.67,19383,19103.26,139.86,0.09,60.66,32.08,37.91,11.38,936.85,22386,40.21,27.63,70.83,88.48,1496.8,1033.99,2646.21,1629.88,3211.45,1341.19,2932.98,40.0077,-75.1339,United States,USA,5637884
Bellingham,69.68,11.18,40.95,6.37,4.44,4.41,3.67,2.14,0.59,2.38,3.81,1.81,14.36,8.69,10.03,3.76,1.57,4.84,5.67,1.96,2.76,1.46,1.27,7.74,1.61,2.58,7.96,0.91,31.85,2.28,1.53,20.93,0.74,23459.8,19110,158.1,0.06,51.94,33.52,18.2,12.74,728,18351.67,42.2,29.58,74.32,75.68,1056.84,916.3,1734.69,1536.89,3487.07,2603.87,2879.4,48.7543,-122.4687,United States,USA,126015
Dallas,65.58,13.65,45.5,7.28,4.1,6.37,3.63,1.77,0.66,2.28,3.26,1.87,7.28,8.94,9.69,3.4,1.16,2.7,2.57,1.87,1.84,1.19,1.38,10.92,2.51,2.78,6.37,2.73,87.36,2.82,1.02,16.38,0.56,18200,17850.1,138.14,0.15,63.72,38.43,2.96,10.92,891.34,14835,39.61,37.97,73.48,90.22,1408.78,1016.9,2705.28,1726.27,2508.4,1432.08,4254.95,32.7936,-96.7662,United States,USA,5733259
Cheyenne,0,4.55,21.84,7.74,4.55,2.5,1.93,2.2,0.69,2.26,5.01,2.27,11.02,7,11.71,6,1.48,5.51,5,3.51,3.02,1.6,1.82,8.64,1.14,1.82,5.14,3.87,27.3,2.96,1.13,15.92,0.62,10010,9100,103.37,0.03,58.23,30.71,0,9.66,586.95,10920,15.92,13.65,34.12,40.95,728,648.38,1171.62,1171.62,1738.64,1738.64,4024.22,41.1405,-104.7927,United States,USA,78728
Pleasanton,0,12.06,50.05,9.1,5,5.92,4.2,1.82,0.98,3.05,4.6,3.08,13.89,8.03,10.03,4.51,1.74,2.41,5.12,2,2.64,1.44,0.91,9.56,1.07,2,8.42,2.73,81.9,2.28,1.41,30.03,0.86,20475,20020,113.75,0.14,57.33,64.84,6.37,12.28,1698.67,27467.15,57.92,38.05,72.8,92.14,1842.75,1797.25,3389.75,3150.88,5233.88,4422.52,6502.37,37.6663,-121.8805,United States,USA,83007
Beaverton,0,13.65,54.6,6.37,3.87,5.46,4.37,1.73,0.81,2.98,2.61,2.43,13.94,8.82,11.48,4.26,1.6,3.51,4.26,1.86,2.16,1.47,1.67,10.92,4.12,3.47,7.28,2.28,91,2.87,1.47,27.3,0.75,18200,19765.2,127.46,0.1,56.27,50.96,15.47,11.38,728,13650,41.44,36.4,73.94,69.16,1205.4,1119,1796.57,1634.97,2418.95,2188.7,3953.43,45.4779,-122.8168,United States,USA,97514
Vancouver,70.21,8.69,34.78,4.49,2.9,4.06,2.19,1.02,0.64,1.89,1.92,1.56,6.28,5.43,7.02,3.57,0.95,1.89,2.77,2.47,2.73,1.17,1.2,8.69,1.96,2.27,6.2,1.45,55.64,1.71,1.8,14.49,0.43,12345.86,12167.68,89.08,0.06,38.64,20.43,24.15,7.25,596.72,14258.6,25.61,17.6,45.11,56.36,953.38,658.59,1685.48,1038.14,2045.51,854.26,1868.14,49.2734,-123.1216,Canada,CAN,2313328
Hamilton,61.38,7.12,26.08,4.06,2.83,2.81,2.34,1.36,0.38,1.52,2.43,1.15,9.15,5.54,6.39,2.39,1,3.08,3.61,1.25,1.76,0.93,0.81,4.93,1.03,1.64,5.07,0.58,20.29,1.45,0.97,13.33,0.47,14942.55,12171.97,100.7,0.04,33.08,21.35,11.59,8.11,463.69,11688.96,26.88,18.84,47.34,48.2,673.15,583.63,1104.9,978.91,2221.06,1658.52,1834.01,43.25,-79.83,Canada,CAN,721053
Syracuse,77.84,13.65,50.05,7.28,3.41,4.55,2.05,1.63,0.66,2.83,6.01,2.12,10.56,8.02,10.5,5.88,1.67,7,3.99,3.99,2.4,2.78,2.28,10.92,3.18,3.64,10.01,1.82,45.5,2.55,1.81,18.2,0.66,24570,21840,98.09,0.11,50.5,33.15,27.3,11.83,758.33,13650,37.71,27.3,64.86,67.49,978.25,650.14,1622.68,1339,837.48,404.21,2285.71,43.0409,-76.1438,United States,USA,407259
Seattle,86.54,15.7,72.8,8.19,5.46,7.28,4.09,2.16,0.88,3.11,4.2,2.59,15,10.36,12.64,4.55,1.63,3.51,4.63,2.22,2.42,1.8,1.89,13.65,1.99,2.48,9.33,2.5,90.09,2.37,1.53,27.3,0.85,22750,21437.5,162.32,0.13,60.24,56.47,28.21,13.65,1683.5,24421.09,44.42,39.09,82.96,125.43,1928.72,1503.86,3416,2432.96,6910.98,4199.01,5171.91,47.6211,-122.3244,United States,USA,3643765
Ogden,0,18.2,59.15,7.28,4.1,4.1,5.76,1.97,0.61,2.34,2,1.48,8.69,6.34,10.01,2.87,1.26,4.01,4.01,1.53,1.33,1.82,0.97,10,1.79,2.73,5.45,2.28,76.21,2.73,1.48,13.65,0.69,22527.05,18354.7,144.95,0.09,63.24,29.12,13.65,7.28,439.83,8041.97,41.86,32.08,60.29,76.44,819,637,1531.83,1001,2078.2,1699.46,2668.82,41.228,-111.9677,United States,USA,573632
Pasadena,0,13.65,54.6,7.28,3.64,5.46,3.47,1.36,0.66,2.24,1,2.05,7.53,5,9.02,2.49,1.26,2.68,2.26,2.03,1.3,1.23,1.36,8.19,1.95,1.82,7.27,1.59,91,2.59,1.53,21.47,0.86,18200,18958.33,152.84,0.09,55.38,45.5,0,10.92,1023.75,13650,37.05,31.62,57.03,72.04,2208.14,1821.15,3185,2396.33,6536.63,5285.3,4494.14,34.1597,-118.139,United States,USA,142647
Ames,0,10.92,40.95,7.28,2.73,3.64,3.55,1.76,0.66,1.76,1.87,1.46,9.03,3.61,8.01,3.93,1.26,2.19,3.14,1,2.6,0.9,0.91,5.46,2.63,2.8,8.19,0.91,40.95,2.28,0.68,10.92,0.59,20427.23,19565,119.12,0.09,56.96,53.08,9.1,8.44,594.53,16170.7,41.44,30.19,67.64,92.75,717.76,614.25,1564.06,1032.85,1574.41,1473.19,2641.8,42.0258,-93.6216,United States,USA,68156
Charlotte,75.08,13.65,60.06,6.37,4.55,5.46,3.94,1.62,0.68,2.54,3.13,1.7,6.89,5.68,12.42,4.84,1.01,4.29,2.94,3.49,2.59,1.48,2.18,13.65,2.23,2.7,6.82,2,80.08,2.5,1.98,31.85,0.6,22072.96,19489.17,142.43,0.26,56.15,45.32,20.02,10.92,884.98,16929.41,42.09,39.83,77.73,112.89,1347.82,957.57,2090.66,1585.98,2718.43,1538,4042.94,35.2079,-80.8304,United States,USA,1467362
Chicago,81.77,13.65,63.7,7.28,5.46,6.37,3.91,1.8,0.72,2.77,4.14,2.11,10.87,9.49,12.03,4.62,1.46,4.4,3.77,3.16,2.78,1.5,2.2,12.74,1.77,1.82,12.97,2.28,95.55,2.96,1.27,21.84,0.77,20930,19844.31,124.43,0.2,62.17,47.3,21.5,13.2,1158.99,16985.69,44.55,36.55,75.57,99.11,1707.98,1155.58,3192.88,1958.47,3864.72,1924.93,3859.74,41.8373,-87.6862,United States,USA,8675982
Knoxville,70.86,11.83,40.95,7.28,3.18,4.1,3.73,1.1,0.7,2.51,3.25,1.67,10.28,6.97,12.7,6.52,1.4,5.85,5.21,3.95,3.34,1.82,2.12,11.83,2.58,3.49,4.78,1.53,40.95,2.28,1.13,13.65,0.56,20020,17345.28,128.26,0.16,55.72,24.84,6.82,10.92,485.33,12285,37.59,36.4,67.42,75.08,910,739.38,1471.17,1228.5,2017.8,904.59,2633.26,35.9692,-83.9496,United States,USA,585249
Charleston,81.81,14.1,56.42,6.37,4.55,7.28,4.4,2.21,0.84,2.66,4.29,2,12.04,11.54,12.44,5.14,1.73,7.35,4.65,3.74,3.12,2.38,1.36,13.65,1.66,1.8,6.82,1.82,27.3,5.46,2.83,41.35,0.55,27300,23212.96,184.13,0.09,56.7,31.92,11.38,10.01,932.75,12588.33,47.11,33.77,76.21,120.27,1574.02,1221.32,2555,1680.47,4492.1,2304.22,3609.5,32.8151,-79.963,United States,USA,616085
Memphis,62.12,12.28,36.4,6.37,4.55,5.57,4.4,1.71,0.9,2.31,4.46,2.47,10.43,5.26,7.34,3.34,1.39,2.2,2,1.57,1.8,1.14,1.82,11.83,1.8,2.73,4.78,1.59,45.5,1.82,1.69,24.57,0.55,25429.04,19430.47,128.94,0.03,63.98,34.41,22.75,10.92,819,10175.62,44.59,27.76,68.53,98.44,874.76,709.95,1183.35,828.65,915.84,421.74,2844.39,35.1046,-89.9773,United States,USA,1068873
Roanoke,0,10.92,50.05,6.37,4.55,3.64,3.94,1.62,0.61,2,2,1.7,6.89,5.68,8.03,4.84,1,4.01,2.94,1.2,2,0.77,0.91,13.65,2.23,2.28,6.82,1.59,57.78,2.5,1.18,27.3,0.56,20702.5,19489.17,142.43,0.09,56.15,30.03,15.17,10.92,667.33,5915,41.68,35.94,66.43,73.94,861.92,534.62,1394.58,980.07,1367.96,909.42,2446.34,37.2785,-79.958,United States,USA,216177
Tampa,75,13.15,48.22,7.28,3.64,5.46,3.34,1.66,0.88,2.52,4.73,2.28,10.91,12.09,13.77,5.75,1.55,3.7,6.02,3.73,2.69,1.66,2.03,8.18,1.71,1.87,5.81,1.82,59.15,2.28,1.38,18.2,0.6,20020,18817.09,144.58,0.07,52.29,25.84,17.8,11.38,787.3,12054.77,36.95,29.16,65.77,82.96,1305.28,920.93,2073.95,1507.1,2660.94,1302.73,3420.69,27.9942,-82.4451,United States,USA,2804240
Modesto,0,13.65,63.7,7.28,4.55,5,3.24,1.7,0.96,3.06,5.35,2.71,9.35,9.02,10.69,4.7,1.58,6.01,5,3.01,2,2,2.07,11.38,2.24,3.18,6,1.82,31.85,3.64,1.41,29.49,0.81,17289.55,20702.27,194.2,0.32,63.7,30.03,0,9.1,500.5,9100,42.47,27.3,69.01,70.98,954.59,845.39,1697.15,1621.32,6063.2,8369.96,3115.84,37.6374,-121.0028,United States,USA,381398
Sarasota,79.08,13.65,50.05,6.37,3.87,5.46,4.37,2.15,0.74,2.06,6.35,2.64,17.05,13.54,14.44,5.39,1.72,4.01,4.26,4.26,3.69,2.17,2.05,13.65,1.88,3.03,7.28,1.36,45.5,3.95,1.41,14.36,0.58,19630.98,17779.12,130.11,0.09,56.19,30.1,14.33,10.01,1107.17,15879.5,41.28,31.29,68.76,86.55,1435.39,1094.68,2369.79,1713.83,3205.47,1451.2,2456.94,27.3386,-82.543,United States,USA,706245
Riverside,68.78,10.92,51.87,6.36,5.46,7.28,3.79,2.1,0.76,2.55,3.07,1.94,9.35,10.69,10.36,2.67,1.57,2,3.34,3.74,1.65,1.14,2.12,11.15,2.61,2.73,8.19,1.82,50.05,2.37,1.47,32.76,0.81,16380,19716.67,158.46,0.12,54.37,37.92,13.65,11.38,758.33,8190,43.57,33.52,77.91,92.52,1362.65,1296.39,1808.62,1766.92,2794.42,2349.75,3216.24,33.9381,-117.3948,United States,USA,2084749
Bellevue,86.42,13.65,63.7,8.19,4.55,7.28,3.61,1.65,0.87,2.88,5.51,3.07,12.53,11.83,14.71,4,1.67,4.67,5.11,2.25,2.7,2.3,1.67,13.65,3.9,4.32,8.33,2.5,90.09,4.55,2.83,27.3,0.81,19878.95,19919.9,164.22,0.23,53.8,41.6,27.3,13.54,1446.8,21536.67,44.03,30.03,69.62,104.24,1936.32,1568,3283.58,2341.5,6029.36,4091.26,6142.48,47.5953,-122.155,United States,USA,144444
Topeka,0,6.37,31.85,6.37,3.64,4.55,4.1,1.6,0.66,2.12,3.38,1.31,6.35,6.45,11.34,4.35,1.12,4,3.8,2.9,2.1,1.39,1.97,8.64,2.6,2.85,4.55,1.82,45.5,2.28,1.84,12.01,0.57,20020,18806.67,176.31,0.09,65.22,32.61,10.62,10.92,527.8,9100,34.81,24.27,65.52,81.9,596.05,557.83,1146.6,1069.25,716.13,446.76,2523.89,39.0346,-95.6955,United States,USA,148960
Akron,56.9,9.1,31.85,6.37,2.05,4.55,4.78,1.18,0.56,1.63,2.34,1.53,6.69,6.69,11.04,3.51,1.5,2,3.01,2,2,0.91,1.26,10.92,1.95,1.97,6.26,1.82,45.5,3.41,1.27,18.2,0.62,17745,18655,121.91,0.07,61.66,26.04,13.2,9.33,682.5,11830,44.85,36.4,65.22,79.17,604.5,572,966.88,902.42,943.83,637.55,2473.99,41.0798,-81.5219,United States,USA,565920
Louisville,67.95,13.65,62.18,6.37,4.55,5.46,4.19,1.36,0.4,1.57,3.76,1.56,10.7,7.19,10.63,4,1.06,3.42,5.27,3.01,3.1,1.62,1.64,12.74,1.43,3.03,5.32,1.59,45.5,2.35,1.27,27.3,0.57,20930,17987.67,135.34,0.09,50.34,23.47,14.56,9.66,609.7,27504.75,35.01,28.36,73.82,91.41,889.71,725.96,1482.54,1235.5,1613.39,831.57,2901.45,38.1663,-85.6485,United States,USA,1011696
Bakersfield,72.67,11.15,62.34,7.28,5.46,3.64,3.75,1.27,0.9,2.86,2.87,2.98,14.64,9.03,11.94,2.74,1.38,3.51,2.76,2.41,1.8,1.03,2.25,13.65,3.18,4.1,6.82,1.5,36.4,2.73,1.56,24.57,0.86,22750,21172.67,190.63,0.14,85.74,25.06,6.07,10.92,470.17,18200,44.2,29.58,76.59,112.23,832.65,701.84,1393.44,1233.05,1563.96,1402.36,3371.32,35.353,-119.0359,United States,USA,574362
Miami,77.83,13.65,68.25,7.28,5.46,7.28,3.77,1.86,0.94,2.64,5.47,2.61,10.99,7.96,12.4,4.54,1.56,3.18,4.58,2.48,1.97,2.04,2.07,11.83,2.01,2.38,6.69,2.05,102.38,2.73,1.69,21.84,0.64,20222.02,18738.37,137.8,0.12,60.25,41.05,16.43,12.74,728.39,19337.5,40.7,33.33,72.83,88.6,1626.46,1163.97,3144.41,2181.77,3986.41,2320.28,3259.05,25.7839,-80.2102,United States,USA,6381966
Wellington,65.97,15.47,81.9,10.92,8.19,8.64,4.26,3.07,2.71,2.38,3.09,5.35,9.83,11.8,16.63,3.38,2.54,3.54,4.07,2.65,2.14,2.29,1.89,13.65,4.91,6.69,27.3,4.55,136.5,3.18,2.64,60.06,2.03,31850,27723.15,158.25,0.39,76.01,40.13,14.63,14.56,1000.75,14105,106.47,46.13,128.57,161.98,1657.62,1299.89,2912,2218.82,6368.07,4289.87,4284.93,-41.3,174.7833,New Zealand,NZL,393400
Tempe,0,10.01,36.4,5.46,2.96,4.96,3.73,1.58,0.56,2.38,4.3,1.47,10.43,9.18,9.39,2.77,1.18,2.51,2.58,2.24,0.96,0.91,1.54,8.87,1.36,1.59,7.08,1.82,47.32,2.5,1.25,32.76,0.71,15015,17896.67,143.05,0.03,66.76,23.4,9.1,9.56,721.76,13680.33,33.97,23.66,55.12,62.56,978.25,746.2,1674.4,1255.8,1860.61,1625.82,3326.96,33.3881,-111.9318,United States,USA,185038
Burlington,98.31,18.2,68.25,8.19,4.78,5.92,4.48,1.97,0.96,3.69,7.02,3.93,16.53,13.36,12.04,7.02,1.53,6.69,8.42,1.5,4.87,3.33,3.03,10.01,2.07,3,9.1,1.36,45.5,6.82,2.27,15.92,0.67,33670,30940,198.3,0.14,78.87,72.57,7.28,10.92,773.5,18200,36.4,33.36,68.43,83.04,1205.75,910,2487.33,2129.4,3212.81,1922.3,4575.28,44.4877,-73.2314,United States,USA,108277
Richmond,68.22,13.65,54.6,7.28,5.23,5.92,3.87,1.74,0.7,2.34,2.41,1.3,9.78,6.42,10.03,4.5,0.95,5.01,3.03,3.21,1.55,1.3,2.05,10.92,3.86,3.94,5,1.59,54.6,2.73,1.41,27.3,0.56,20879.95,18097.06,133.13,0.14,57.46,25.44,9.4,10.92,756.44,11147.5,46.05,28.35,65.82,90.39,1041.22,822.56,1606.45,1309.71,2198.87,1148.13,3233.32,37.5295,-77.4756,United States,USA,1059907
Bismarck,0,12.74,39.54,7.28,3.18,5.46,3.75,1.46,0.89,2.56,2,2.73,6.6,8.03,10.47,3.25,1,2.38,4.01,2,2,1.72,0.91,8.64,0.6,1.82,4.55,1.14,27.3,2.73,0.9,27.3,0.6,23660,21840,130.58,0.25,45.5,37.9,4.55,9.1,618.8,8645,37.49,27.3,77.35,63.7,637,477.75,1243.67,993.42,8007.54,6410.93,2989.35,46.814,-100.7695,United States,USA,97457
Chattanooga,58.67,10.46,40.95,5.46,3.64,5,4.06,1.38,0.83,1.89,2.8,1.55,7.21,5.4,7.2,3.75,1.32,2.94,2.18,1.93,1.63,1.57,1.59,13.2,1.77,2.41,5.48,1.36,45.5,2.28,1.13,18.2,0.56,21840,20704.55,131.71,0.09,59.94,33.55,11.38,10.01,787.91,12891.67,39.74,42.46,71.05,85.46,1021.22,767.13,1779.56,1174.81,1283.9,863.69,2784.12,35.0657,-85.2487,United States,USA,407182
Houston,68.06,13.65,54.6,7.28,5.46,6.37,3.99,1.89,0.68,2.24,3.66,1.98,8.47,7.17,10.31,4.02,1.33,3.94,2.37,2.88,1.72,1.36,1.76,10.92,2.07,2.83,7.28,1.14,45.5,2.73,1.41,21.84,0.55,20930,19892.2,137.89,0.15,56.77,33.78,11.45,10.92,871.16,20418.12,39.29,35.16,65.98,93.56,1321.61,905.55,2387.64,1583.44,2070.09,1146.99,3736.32,29.7869,-95.3905,United States,USA,5446468
Freeport,0,13.65,74.62,7.74,3.64,4.55,4.4,2.35,2.09,2.66,4.26,3.34,7.29,7.58,9.47,3.41,2.64,2.17,3.35,3,2.86,2.73,2.5,9.1,2.43,3.18,6.37,1.36,47.88,2.96,2.2,63.7,1.06,20475,26390,328.06,0.27,57.94,74.32,68.25,10.92,333.67,6279,62.18,43.98,141.05,219.92,637,546,1615.25,1325.19,906.21,455,2214.33,40.6515,-73.585,United States,USA,43508
Orem,0,7.1,40.95,7.28,4.78,8.19,4.55,1.47,0.56,2.68,2.31,1.56,6.02,5,7.03,2.58,1.1,3.19,2.58,0.5,1.2,0.9,1.14,13.42,1.45,1.52,4.64,2.28,65.41,2.05,1.25,54.6,0.67,25025,18048.33,129.55,0.01,55.51,17.06,22.75,8.42,561.17,13650,34.58,40.27,73.71,107.84,970.67,773.37,1471.17,1097.69,2308.8,1924.75,3453.15,40.2983,-111.6992,United States,USA,97839
Milwaukee,74.85,12.28,61.42,7.23,3.64,5.92,3.47,1.82,0.7,2.63,3.74,2.88,9.53,7.77,10.03,5.51,1.27,3.54,4,2.4,2.66,2.09,3.64,10.92,2,2.28,6.6,2.05,65.52,2.62,1.41,40.95,0.6,26390,18905.25,114.57,0.14,56.57,28.72,31.85,10.01,788.67,13195,39.69,28.54,66.86,83.97,944.02,740.61,1914.79,1173.9,1761.32,980.04,2778.66,43.0642,-87.9673,United States,USA,1377808
Hoboken,0,11.38,54.6,8.31,6.37,7.28,2.73,1.36,0.78,6.02,3.01,1.82,10.03,8.03,10.03,8.03,1.6,4.01,3.01,1.5,3.31,1.36,0.91,13.65,1.79,2.73,8.19,2.5,80.99,4.55,2.83,18.2,0.62,20020,18803.33,128.76,0.11,67.11,89.48,27.3,12.28,2047.5,10374,72.65,43.98,68.25,170.62,2714.83,2002,4064.67,3185,7108.02,6993.74,4033.73,40.7451,-74.0279,United States,USA,55131
Honolulu,84.43,13.65,63.7,7.96,5,6.37,4.57,2.01,1.51,3.41,4.51,3.62,11.03,8.18,12.37,4,2.67,4.4,4.17,2.79,3.93,2.44,2.12,13.65,2.15,2.07,9.1,2.5,63.7,3.28,2.04,36.86,0.86,22749.54,19387.13,239.76,0.14,55.54,45.06,9.78,11.83,1050,18806.67,45.85,32.87,76.4,96.29,1649.45,1388.98,3137.02,2807.35,6899.06,4835.04,3161.34,21.3294,-157.846,United States,USA,833671
Victoria,68.2,8.69,34.78,4.64,3.48,4.06,2.54,1.2,0.43,1.43,2.33,1.26,5.39,4.57,6.57,2.56,0.85,2.51,1.51,1.83,1.1,0.87,1.12,6.96,1.32,1.8,4.64,0.73,28.98,1.74,0.9,13.91,0.35,13331.21,12670.19,87.83,0.1,36.16,21.52,7.29,6.96,554.88,13005.17,25.03,22.39,42.03,59.59,841.79,576.78,1520.79,1008.56,1318.53,730.57,2379.82,48.4333,-123.35,Canada,CAN,289625
Irvine,78.62,13.65,65.98,8.19,6.14,7.28,4.18,1.92,0.93,3.34,4.77,2.73,17.04,8.22,10.8,4.34,1.99,1.78,3.27,1.67,1.54,2.12,1.71,9.1,1.74,3.18,7.28,1.82,95.55,3.18,1.56,37.09,0.89,22371.44,19557.26,129.78,0.06,61.4,34.35,33.37,13.65,1129.92,16986.67,46.2,31.09,73.86,119.31,1927.03,1736.62,3013.46,2687.23,5034.85,4398.08,5208.61,33.6772,-117.7738,United States,USA,277453
Champaign,0,10.01,45.5,6.37,3.64,4.55,3.37,1.65,0.65,1.34,2.8,1.21,4.68,6.69,8.49,5.69,2.34,4.01,5.35,3.01,3.68,1.52,1.36,8.19,2.05,3.03,7.28,0.91,22.75,2.73,0.71,18.2,0.66,20475,17290,90.36,0.09,44.59,16.38,13.65,8.64,728,9100,31.62,38.68,55.33,80.38,882.7,627.9,1512.88,1073.8,2448.79,1273.37,2740.25,40.1144,-88.2735,United States,USA,156794
Fresno,66.96,10.92,45.5,7.28,3.64,5.46,3.82,1.77,0.69,1.79,2.32,1.87,8.54,7.02,11.35,2,1.99,1.93,2.45,2.04,1.89,1.63,2.24,7.28,2.2,3.38,10,1.14,43.68,3.09,1.4,29.12,0.87,20930,20224.75,184.24,0.13,58.62,22.3,6.07,11.33,708.5,10920,42.77,31.75,63.35,83.49,911.52,843.64,1433.19,1280.43,1683.14,1303.17,2947.66,36.7831,-119.7941,United States,USA,698021
Arlington,0,13.65,54.6,6.82,4.55,6.37,3.44,1.6,0.89,2.96,3.02,2.45,9.86,8.52,11.02,5.61,1.49,2,7.02,3.88,4.29,1.83,1.82,13.65,1.05,2.17,5.92,3.18,138.78,2.68,1.22,22.75,0.62,19383,17651.27,110.21,0.09,56.23,52.12,40.95,11.38,1083.58,22386,40.21,27.63,70.83,88.48,1967.4,1552.24,3071.25,2569.04,5254.84,3864.84,4553.65,32.6998,-97.1251,United States,USA,396394
Redmond,78.94,16.38,45.5,7.28,5.46,7.28,4.3,1.99,0.66,2.59,7.53,2.64,9.03,6.02,20.07,3.86,1.23,2.36,3.26,1.86,1.66,1.14,1.71,15.47,3.25,4.1,5.46,2.5,90.54,2.28,1.69,45.5,0.78,21840,19322.33,111.07,0.08,59.15,79.72,19.72,12.63,1378.95,18200,44.77,31.85,65.34,134,1763.58,1625.99,2644.69,2343.25,4544.13,3971.11,3801.78,47.6762,-122.1169,United States,USA,64291
Dothan,0,9.56,29.12,5.69,2.73,4.55,2.43,1.27,0.66,1.84,2.99,1.87,8.58,4.51,7.15,3.19,0.92,1.57,2.17,2,2.27,1.41,0.78,4.55,1.5,2.28,5,0,0,2.73,1.97,22.3,0.56,20247.5,19548.94,135.98,0.05,71.08,28.82,9.1,9.1,364,7886.67,34.88,18.5,57.63,95.55,515.67,470.17,1016.17,864.5,979.51,734.63,2753.33,31.2335,-85.4068,United States,USA,71620
Biloxi,0,13.2,40.95,5.92,3.18,3.18,4.2,1.59,0.78,2.44,2.39,1.43,8.69,4.87,8.69,3.01,1.5,2,2.94,2.28,2.29,1.57,1.55,9.56,2.77,3.41,5.92,2.73,45.5,3.64,0.43,18.2,0.51,22750,17441.67,154.7,0.11,69.84,77.35,0,9.1,485.33,5460,32.21,22.75,65.52,91,728,606.67,1001,879.67,981.47,924.94,1284.92,30.4422,-88.9512,United States,USA,45908
Pittsburgh,78.12,11.38,54.6,7.28,3.64,5.46,3.39,1.9,0.94,2.95,4,1.77,9.17,8.15,12.62,4.73,1.19,4,5,6.02,3.65,1.7,2.05,13.65,1.87,2.73,8.19,2.5,88.72,3.64,1.41,19.11,0.68,19878.95,17563,162.37,0.13,64.54,31.72,28.44,9.1,970.67,10616.67,44.33,32.83,68.47,80.69,1115.68,802.18,1872,1284.42,1758.57,843.27,3378.73,40.4396,-79.9763,United States,USA,1715297
Joplin,0,10.92,40.95,6.37,3.64,4.55,4.1,1.6,0.66,2.12,4.01,1.31,6.35,6.02,11.34,4.97,1.12,4,5.3,4,2.86,1.42,1.97,8.64,2.6,2.85,4.55,0.68,22.75,2.28,1.84,9.1,0.56,20020,18351.67,176.31,0.09,52.1,33.06,0,11.83,527.8,13195,38.95,24.27,61.2,81.9,625.62,546,1035.12,762.12,881.56,685.66,2563.17,37.0759,-94.5006,United States,USA,86298
Phoenix,67.69,10.92,54.6,6.82,3.64,4.96,3.73,1.58,0.61,2.48,4.3,1.97,10.43,9.18,9.39,3.12,1.55,2.95,3.73,2.24,1.98,1.25,1.54,13.65,1.36,1.64,7.08,1.82,58.24,2.96,1.27,32.76,0.72,19478.55,18344.74,169.14,0.13,66.76,27.04,11.91,10.92,721.76,13680.33,36.12,28.63,66.47,78.51,1139.75,858.54,1810.74,1361.16,2273.94,1501.93,3274.93,33.5722,-112.0891,United States,USA,4081849
Ocala,80.19,13.2,36.4,6.82,3.18,5.46,2.43,1.33,0.94,3.06,4.4,2.13,6.54,5.51,16.51,9.28,1.66,8.35,7.02,2.64,2.5,1.65,1.51,13.97,2.15,3.43,6.36,1.82,31.85,2.09,1.06,15.82,0.6,25889.5,18234.4,144.95,0.27,85.15,23.66,6.67,13.2,386.75,9555,40.84,42.16,70.53,152.2,818.82,655.96,1143.19,1091.09,734.63,489.76,2223.61,29.178,-82.1511,United States,USA,164712
Olympia,70.34,10.92,54.6,8.19,4.44,6.6,4.25,1.59,0.55,2.35,3,2.05,11.23,7.52,10.52,3.44,1.3,3.75,4,2.08,1.98,1.4,2.43,9.1,2.54,3.03,8.19,1.36,43.68,2.28,1.41,45.5,0.77,27300,21808.88,141.98,0.09,81.41,35.42,5.92,11.38,1183,16164.63,43.22,36.05,63.19,92.92,1241.5,904.31,2002,1564.06,2194.11,1976.17,3306.33,47.0417,-122.8959,United States,USA,196078
Glendale,0,12.74,45.5,6.14,5.46,7.28,4.01,1.9,0.91,3.23,4.7,3.18,11.26,11.79,10.85,4.12,2,2.85,3.33,2,2.27,1.42,1.91,18.2,2.1,2.77,8.19,1.59,70.53,2.59,1.53,18.2,0.85,19019,19509.17,115.1,0.09,49.5,52.1,25.02,13.65,455,21092.03,38.22,33.2,58.24,86.45,2185.47,1965.71,3154.67,2730,6058.38,4661.25,3219.81,33.5797,-112.2258,United States,USA,246709
Oceanside,78.99,18.2,59.15,9.56,5.69,6.82,5.46,1.93,0.84,2.59,3.85,2.39,12.04,14.71,8.79,5.35,1.53,3.01,3.01,2.88,2,0.91,1.82,10.92,0.91,0.91,13.65,2.17,54.14,2.75,1.81,22.75,0.85,21385,24570,103.28,0.15,67.35,20.93,11.22,13.2,788.67,3640,48.34,34.12,78.52,98.8,1394.63,1395.33,2126.11,2138.5,6774.99,3167.1,3510.22,33.2247,-117.3083,United States,USA,176193
Asheville,77.11,13.65,59.15,7.28,4.55,5.46,3.83,1.78,0.88,2.56,3.51,2.28,12.3,11.27,15.38,4.19,1.93,4.01,5.11,1.87,1.9,1.82,2.68,14.74,2.82,3.64,5.46,0.91,27.3,5.46,2.68,25.56,0.62,20475,18427.5,147.27,0.14,57.41,38.12,19.72,10.92,637,15470,39.07,26.47,69.11,97.31,1193.47,858.13,2269.65,1424.98,4359.83,1922.3,3109.68,35.5704,-82.5537,United States,USA,309250
Plano,0,9.1,43.22,6.36,4.1,6.37,3.29,1.7,0.66,2.28,3.26,1.87,7.28,6.34,9.69,3.4,0.97,2.7,2.57,1.87,1.84,1.19,1.38,10.92,2.51,2.78,6.37,2.73,72.8,2.05,1.02,16.38,0.56,14105,17850.1,138.14,0.15,52.55,30.03,31.85,9.1,891.34,7735,39.61,37.97,73.48,81.9,978.25,954.74,2396.33,1565.2,1414.37,1269.34,4777.61,33.0502,-96.7487,United States,USA,286143
Jonesboro,0,5.46,36.4,6.37,2.05,3.64,3.94,1.29,0.75,1.59,2.68,0.86,5.01,5.81,6.02,5.67,1.3,3.57,3.93,1.5,3.3,0.91,1.47,8.19,2.28,4.1,4.9,1.14,29.77,2.28,0.56,18.2,0.56,24044.02,21402.9,117.39,0.11,44.59,19.72,8.34,8.54,728,13650,38.37,34.12,57.63,93.73,773.5,606.67,1274,1057.07,957.64,595.22,2400.58,35.8211,-90.6793,United States,USA,73788
Baltimore,74.01,13.65,59.15,6.37,5.46,6.37,3.51,1.76,0.76,2.34,3.87,2.4,7.67,7.09,12.19,3.93,1.34,5.09,4.91,3.09,3.32,1.39,1.16,10.92,1.85,1.97,6.94,1.73,66.43,3.64,1.92,31.4,0.62,21840,19228.56,138.56,0.1,64.48,40.17,22.07,10.92,839.48,26287.17,42.06,27.3,73.55,93.67,1364.87,954.53,2110.06,1618.5,2209.83,1207.97,3372.2,39.3051,-76.6144,United States,USA,2170504
Tacoma,75.52,11.83,45.5,8.19,3.64,5,3.89,1.63,0.76,2.93,4.26,2.45,13.16,6.61,10.79,3.34,1.27,3.26,5.34,2.51,1.69,1.54,1.26,12.74,2.03,2.18,9.1,2.28,66.89,3.18,1.41,54.6,0.74,19924.45,18129.17,188.17,0.3,65.85,33.08,25.78,10.92,608.18,16622.67,39.38,34.4,73.08,98.46,1223.4,1071.45,2044.25,1616.77,2828.63,2165.45,3453.73,47.2431,-122.4531,United States,USA,213418
Detroit,63.92,10.01,40.95,6.37,3.18,4.55,3.37,1.67,0.57,2.17,3.01,1.43,8.69,6.52,9.03,3.36,0.95,5.51,3.39,2.1,2.59,1.42,1.46,9.1,2.82,3.28,6.82,1.82,59.15,2.73,1.06,13.65,0.59,19453.53,19000.8,125.23,0.15,51.22,22.03,32.99,10.01,682.5,12133.33,37.97,29.48,73.66,80.76,1300.77,793.58,2229.5,1297.73,511.52,547.1,2240.64,42.3834,-83.1024,United States,USA,3522206
Austin,63.87,13.65,45.5,6.82,3.64,5.46,3.88,1.77,0.74,1.97,2.8,2.2,8.37,6.3,9.78,3.91,1.09,3.63,3.92,2.37,2.15,1.77,1.42,10.01,1.82,2.56,6.37,1.32,37.54,2.28,1.36,26.39,0.55,19878.95,18090.8,124.72,0.08,57.89,35.89,9.1,10.92,858.69,15055.44,36.65,33.34,71.35,79.64,1568.53,1005.85,2811.59,1746.38,3212.72,1893.94,3966.97,30.3006,-97.7517,United States,USA,1638716
Georgetown,0,1092,9100,1274,409.5,637,766.31,215,354.9,232.81,118.3,433.77,1001,586.95,364,819,436.8,273,391.3,127.4,109.2,455,273,3640,119.74,292.72,364,91,6508.47,364,455,1592.5,199.49,2184000,2548000,15470,26.69,10351.14,5328.56,3185,1365,10540.83,163041.67,7393.75,8796.67,14950,12480,44362.5,29006.25,95550,62562.5,575608.77,146927.38,65952.7,6.802,-58.167,Guyana,GUY,264350